POA_CODE_2016,Total_Persons_Persons,Median_age_persons,Median_mortgage_repay_monthly,Median_tot_hhd_inc_weekly,Average_household_size
POA2000,27411,30,2500,1943,2.4
POA2006,1259,20,0,0,0
POA2007,8845,26,2000,1230,2.4
POA2008,11712,26,2400,1223,2.1
POA2009,12813,34,2597,2280,2.2
POA2010,27734,34,2500,2150,1.8
POA2011,21196,35,2167,1861,1.6
POA2015,9918,33,2500,2375,2.1
POA2016,13213,35,2500,1821,2
POA2017,24695,30,2383,1623,2.1
POA2018,17028,34,2167,1500,2.5
POA2019,10838,36,2600,2028,2.8
POA2020,14772,32,2490,1955,2.7
POA2021,15313,36,3223,2399,2.1
POA2022,12507,36,3000,2157,2.3
POA2023,10716,37,3000,2892,2.5
POA2024,11073,38,3200,2450,2.5
POA2025,7405,41,3033,2529,2.2
POA2026,32490,33,2947,2325,2.3
POA2027,8195,45,3000,2628,2
POA2028,4642,39,3000,2478,2.1
POA2029,9961,38,3000,2270,2.4
POA2030,14079,40,3467,2815,2.8
POA2031,34726,35,2800,2226,2.4
POA2032,16689,28,2500,1273,2.7
POA2033,11570,31,2600,1814,2.5
POA2034,20713,35,2817,2277,2.3
POA2035,34490,37,2600,1736,2.6
POA2036,30407,39,2500,1639,2.7
POA2037,16115,34,2800,1752,2.1
POA2038,9451,37,3000,2337,2.3
POA2039,8725,38,3000,2873,2.3
POA2040,22242,37,3000,2273,2.5
POA2041,15690,41,3033,2672,2.3
POA2042,19129,33,2600,2070,2.2
POA2043,8014,34,2600,2482,2.1
POA2044,7846,35,2600,2092,2.6
POA2045,6457,44,3000,2164,2.8
POA2046,26822,41,2600,2098,2.5
POA2047,11950,40,2900,2353,2.3
POA2048,7938,35,2600,2179,2.3
POA2049,11282,36,2600,1968,2.3
POA2050,8963,31,2550,1782,1.8
POA2052,3425,21,2334,72,1.8
POA2060,13988,37,2574,2316,2
POA2061,5943,41,2700,2415,1.8
POA2062,7006,38,2670,2361,2.2
POA2063,6347,42,3500,3344,3
POA2064,9523,35,2483,2183,2.5
POA2065,30119,36,2687,2416,2.2
POA2066,31626,36,2600,2344,2.5
POA2067,26403,35,2500,1909,2.6
POA2068,16813,40,3033,2735,2.9
POA2069,14253,40,3000,2846,3
POA2070,13505,40,3000,2628,2.9
POA2071,13545,41,3000,2532,3
POA2072,7668,40,2800,2313,2.9
POA2073,16352,40,3023,3010,3.1
POA2074,22258,44,3000,2531,2.8
POA2075,20451,42,3000,2542,3
POA2076,24648,41,2895,2469,2.9
POA2077,37791,37,2167,1807,2.7
POA2079,7095,39,2400,2268,3.1
POA2080,1708,40,2355,2022,3
POA2081,5369,39,2367,2304,3.1
POA2082,5397,40,2383,2120,3
POA2083,1519,49,2000,1574,2.4
POA2084,3625,44,2955,2467,3.2
POA2085,11624,45,3000,2228,2.9
POA2086,13414,40,3000,2511,3.2
POA2087,12798,42,3000,2287,3
POA2088,28475,42,3000,2522,2.4
POA2089,11918,37,2500,2349,2
POA2090,13724,39,2600,2367,2.1
POA2092,7139,40,3700,3384,3.2
POA2093,22873,39,3000,2382,2.8
POA2094,5840,38,3000,2620,2.4
POA2095,15866,36,2882,2449,2.2
POA2096,14657,36,2600,2328,2.5
POA2097,15529,39,2700,2274,2.9
POA2099,39925,38,2400,1805,2.6
POA2100,20911,39,2800,2214,3
POA2101,19395,42,2600,1926,2.6
POA2102,7501,39,2711,2160,2.9
POA2103,10670,44,2600,2001,2.7
POA2104,3620,56,3000,1476,2.3
POA2105,1848,50,2600,2202,2.6
POA2106,9301,43,2700,2066,2.7
POA2107,14669,45,3000,2250,2.8
POA2108,1673,57,3000,2058,2.3
POA2109,3086,25,2100,1453,2
POA2110,10343,42,3500,2739,2.8
POA2111,14412,40,2500,1999,2.5
POA2112,32852,36,2300,1809,2.7
POA2113,18371,37,2383,1917,2.7
POA2114,24057,35,2167,1783,2.6
POA2115,10737,37,2461,1620,2.9
POA2116,6642,37,2167,1553,2.8
POA2117,21285,37,2167,1574,2.8
POA2118,24341,39,2167,1834,3.1
POA2119,11643,43,3000,2693,3.1
POA2120,20208,40,2500,2291,3
POA2121,28214,37,2383,2048,3
POA2122,31160,36,2167,1645,2.8
POA2123,0,0,0,0,0
POA2125,16374,41,2750,2675,3.2
POA2126,18765,42,2500,2443,3.2
POA2127,14532,33,2167,2005,2.4
POA2128,4166,33,2000,1536,2.8
POA2129,0,0,0,0,0
POA2130,7311,36,2167,1940,2.3
POA2131,23841,34,2058,1632,2.5
POA2132,10612,40,2400,1846,2.9
POA2133,11012,39,2167,1597,2.8
POA2134,16033,30,2167,1398,2.8
POA2135,25251,32,2350,1883,3
POA2136,7364,37,2200,1724,2.9
POA2137,26507,39,2500,2110,2.7
POA2138,20023,31,2200,1835,2.6
POA2139,57,54,0,0,0
POA2140,16167,30,2000,1723,2.8
POA2141,28675,33,2000,1480,3.2
POA2142,26292,31,1900,1326,3
POA2143,8921,34,1950,1323,3.1
POA2144,37366,30,1733,1240,3.5
POA2145,79211,34,2167,1712,3
POA2146,17465,35,2050,1724,3
POA2147,36341,37,2058,1617,2.9
POA2148,63071,34,1950,1498,3
POA2150,31500,31,1800,1696,2.6
POA2151,21306,37,2167,1709,2.7
POA2152,11215,37,2167,1639,2.5
POA2153,56562,38,2400,2158,3
POA2154,39594,40,2500,2219,3
POA2155,55452,34,2600,2569,3.5
POA2156,12942,43,2728,2408,3.2
POA2157,3741,41,2392,1985,3.2
POA2158,8575,43,2600,2198,3.1
POA2159,4975,44,2600,1977,3
POA2160,35973,32,2000,1237,3.1
POA2161,31418,31,2000,1155,3.2
POA2162,18622,34,2000,1168,3.2
POA2163,9590,36,1690,844,2.8
POA2164,19624,37,2000,1296,3.1
POA2165,42444,36,1736,1077,3.2
POA2166,52762,36,1552,1080,3.3
POA2167,9633,35,2000,1757,3
POA2168,43451,33,1863,1255,3.3
POA2170,105451,34,2000,1378,3.1
POA2171,34866,32,2258,2093,3.7
POA2172,2781,36,2600,2685,3.3
POA2173,14433,31,2167,2157,3.3
POA2174,2267,31,2643,2280,3.7
POA2175,1837,42,2600,1720,3.2
POA2176,47809,38,2000,1567,3.4
POA2177,15979,36,1950,1411,3.5
POA2178,4230,39,2167,1935,3.5
POA2179,6530,38,2400,1481,3
POA2190,25566,33,2100,1190,3.4
POA2191,6322,39,2378,1440,2.9
POA2192,12718,37,2000,1192,2.8
POA2193,15256,38,2200,1681,2.7
POA2194,24541,34,1742,1239,2.9
POA2195,27154,31,1625,1036,3.2
POA2196,31815,33,2000,1220,3.2
POA2197,9069,34,2080,1225,3.2
POA2198,9038,37,2167,1464,3.2
POA2199,18013,34,2000,1203,3.2
POA2200,43687,32,1828,1178,3.1
POA2203,13707,37,2167,1811,2.3
POA2204,26502,36,2383,1812,2.5
POA2205,19447,30,2167,1763,2.7
POA2206,19404,42,2500,1793,2.9
POA2207,28534,39,2167,1602,2.9
POA2208,12446,40,2350,1564,2.9
POA2209,15769,39,2167,1458,2.9
POA2210,30586,41,2167,1395,2.8
POA2211,16846,40,2167,1536,2.8
POA2212,15847,38,2167,1580,2.9
POA2213,21784,39,2300,1733,2.9
POA2214,3952,39,2253,1851,3
POA2216,28067,34,2167,1540,2.7
POA2217,26843,35,2167,1612,2.7
POA2218,16431,35,2000,1560,2.8
POA2219,13200,44,2300,1532,2.4
POA2220,32487,32,2000,1422,3
POA2221,16481,40,2500,1946,3
POA2222,12786,36,2000,1591,2.8
POA2223,20910,39,2275,1919,2.7
POA2224,14213,43,2600,1768,2.7
POA2225,5407,39,2817,2615,3.1
POA2226,12504,40,2500,2165,2.8
POA2227,14626,40,2574,2051,2.7
POA2228,18361,40,2307,1653,2.6
POA2229,28718,41,2600,1856,2.6
POA2230,28843,40,2383,1906,2.4
POA2231,2267,37,2600,1898,3
POA2232,32870,39,2300,1853,2.6
POA2233,29498,39,2383,2044,2.9
POA2234,30580,40,2383,2400,3.2
POA2250,67194,41,1767,1366,2.5
POA2251,32702,44,2000,1397,2.6
POA2256,15598,48,1733,1067,2.2
POA2257,29010,46,1800,1122,2.3
POA2258,5164,39,1800,1640,2.8
POA2259,59513,40,1733,1285,2.7
POA2260,23417,41,2167,1801,2.7
POA2261,52754,42,1759,1208,2.5
POA2262,20830,39,1565,1107,2.6
POA2263,24267,45,1538,980,2.3
POA2264,14233,46,1700,1120,2.4
POA2265,5805,44,1733,1248,2.6
POA2267,2759,53,1733,1174,2.3
POA2278,2570,37,1712,1476,2.9
POA2280,26678,44,1842,1327,2.5
POA2281,14274,48,1836,1146,2.4
POA2282,14777,44,1950,1493,2.6
POA2283,23300,46,1733,1225,2.5
POA2284,10500,43,1603,1197,2.5
POA2285,30714,36,1769,1478,2.7
POA2286,3909,38,1625,1323,2.7
POA2287,36400,36,1733,1383,2.6
POA2289,19117,39,1950,1605,2.6
POA2290,33426,40,1800,1376,2.5
POA2291,13417,39,2167,1833,2.4
POA2292,2465,35,1783,1333,2.2
POA2293,2521,36,1842,1488,2.1
POA2294,1929,35,1733,1402,2.1
POA2295,6925,50,2000,1177,2.3
POA2296,1883,34,1733,1354,2.1
POA2297,1680,37,1733,1372,2.3
POA2298,9498,36,1733,1174,2.3
POA2299,11207,33,1733,1158,2.5
POA2300,10578,37,2015,1653,2
POA2302,564,35,1740,1339,1.7
POA2303,9143,41,2026,1288,2.3
POA2304,15176,37,1700,1231,2.3
POA2305,12506,40,1950,1581,2.5
POA2306,3358,38,1481,689,2.3
POA2307,3905,33,1517,1038,2.4
POA2308,1326,20,0,0,0
POA2311,858,47,1593,1074,2.5
POA2312,1458,47,1300,988,2.7
POA2314,203,26,0,0,0
POA2315,14658,51,1733,1124,2.3
POA2316,5849,46,1810,1155,2.5
POA2317,6244,52,1692,1043,2.2
POA2318,12147,39,1831,1598,2.8
POA2319,6684,49,1517,974,2.4
POA2320,34556,36,1800,1451,2.7
POA2321,14625,36,1950,1633,2.8
POA2322,18450,37,1625,1351,2.7
POA2323,25735,38,1700,1287,2.5
POA2324,23648,45,1517,1082,2.4
POA2325,28460,39,1517,1105,2.5
POA2326,7332,39,1394,1111,2.6
POA2327,7615,41,1352,998,2.4
POA2328,2442,41,1733,1237,2.5
POA2329,2112,44,1170,1052,2.4
POA2330,20350,36,1900,1639,2.6
POA2331,319,21,0,0,0
POA2333,13647,34,1714,1352,2.5
POA2334,2830,33,1647,1412,2.7
POA2335,6156,35,1890,1758,2.8
POA2336,2614,39,1700,1400,2.5
POA2337,7891,39,1802,1351,2.4
POA2338,1430,48,1291,885,2.2
POA2339,679,44,1300,1146,2.5
POA2340,49072,38,1517,1224,2.5
POA2341,1572,49,919,786,2.1
POA2342,471,46,1537,1130,2.4
POA2343,4968,44,1174,1087,2.4
POA2344,756,45,1625,1443,2.6
POA2345,721,43,1300,1262,2.5
POA2346,3149,47,1120,877,2.3
POA2347,1931,53,650,746,2.1
POA2350,25339,37,1500,1229,2.4
POA2351,976,20,0,0,2
POA2352,2716,41,1387,1244,2.5
POA2353,1126,52,1517,1064,2.4
POA2354,3576,47,1083,1049,2.3
POA2355,663,50,1083,804,2.1
POA2356,162,46,400,739,2.3
POA2357,4159,49,1000,914,2.3
POA2358,3767,47,1300,973,2.3
POA2359,736,46,800,774,2.4
POA2360,14529,41,1264,973,2.4
POA2361,909,50,650,795,2.3
POA2365,3721,44,1180,1028,2.4
POA2369,927,45,867,829,2.6
POA2370,7687,46,1083,857,2.2
POA2371,1155,55,867,725,2.1
POA2372,4742,53,1083,795,2.1
POA2379,313,44,498,1180,2.7
POA2380,10392,39,1517,1284,2.4
POA2381,1193,44,925,1059,2.4
POA2382,1319,42,1255,1180,2.4
POA2386,360,43,557,1085,2.5
POA2387,201,41,0,982,2.7
POA2388,2674,39,1040,1075,2.5
POA2390,8757,40,1517,1320,2.5
POA2395,671,55,704,715,2
POA2396,857,49,758,789,2.2
POA2397,377,37,869,1226,2.6
POA2398,236,43,700,1275,2.4
POA2399,597,42,1185,1194,2.4
POA2400,10084,38,1300,1284,2.4
POA2401,321,43,1000,1053,2.5
POA2402,1792,47,1000,903,2.3
POA2403,718,43,780,805,2.5
POA2404,1838,54,1049,795,2.1
POA2405,514,42,650,1281,2.3
POA2406,823,36,817,1203,2.3
POA2408,376,37,309,1392,2.5
POA2409,1030,31,748,923,2.9
POA2410,278,45,650,762,2.3
POA2411,120,35,823,1291,2.2
POA2415,390,46,1517,1187,2.7
POA2420,4023,48,1400,1001,2.3
POA2421,1828,41,1950,1638,2.7
POA2422,5338,52,1300,887,2.2
POA2423,2964,53,1248,826,2.2
POA2424,425,48,1092,742,2.2
POA2425,1780,46,1560,1219,2.5
POA2426,720,50,1083,812,2.3
POA2427,3114,61,1472,786,2.1
POA2428,24009,56,1400,832,2.1
POA2429,9717,50,1300,925,2.4
POA2430,34018,48,1309,913,2.3
POA2431,5133,56,1500,871,2.1
POA2439,2941,50,1517,1066,2.5
POA2440,21819,45,1274,905,2.4
POA2441,4345,47,1300,950,2.5
POA2443,8894,59,1343,781,2
POA2444,46284,47,1733,1076,2.3
POA2445,6466,49,1733,1131,2.5
POA2446,13330,44,1600,1117,2.6
POA2447,7178,49,1300,946,2.4
POA2448,9000,54,1326,783,2.1
POA2449,2188,47,1018,774,2.3
POA2450,43894,44,1636,1140,2.5
POA2452,15120,44,1517,1016,2.4
POA2453,2768,52,1105,840,2.2
POA2454,7570,45,1434,1056,2.5
POA2455,3000,54,1517,931,2.1
POA2456,14749,44,1586,1111,2.5
POA2460,29216,45,1300,948,2.4
POA2462,2443,52,1105,806,2.2
POA2463,7545,52,1387,932,2.4
POA2464,6738,55,1517,900,2.1
POA2465,291,49,1327,825,2.3
POA2466,1730,62,1205,723,1.9
POA2469,4012,53,867,768,2.2
POA2470,15225,43,1300,960,2.4
POA2471,2524,43,1300,1033,2.6
POA2472,1857,46,1300,1025,2.4
POA2473,3088,53,1517,889,2.1
POA2474,6332,50,1242,839,2.2
POA2475,383,50,988,695,2.1
POA2476,778,50,999,802,2.2
POA2477,12203,47,1625,1166,2.4
POA2478,28310,48,1733,1140,2.3
POA2479,4730,45,1842,1373,2.6
POA2480,44599,43,1430,1069,2.4
POA2481,11769,43,2000,1319,2.4
POA2482,6280,46,1532,969,2.4
POA2483,10609,45,1724,1040,2.3
POA2484,18872,46,1600,1037,2.5
POA2485,14373,53,1517,894,2
POA2486,31594,48,1733,1069,2.4
POA2487,13436,45,2100,1224,2.4
POA2488,3261,42,1700,1269,2.5
POA2489,7353,42,1950,1180,2.6
POA2490,666,44,1733,1385,2.5
POA2500,40510,33,1900,1239,2.3
POA2502,12438,40,1602,918,2.6
POA2505,5014,43,1733,1016,2.4
POA2506,7605,39,1603,1059,2.6
POA2508,8975,38,2300,2162,3
POA2515,11112,42,2362,2006,2.7
POA2516,6105,38,2288,1896,2.8
POA2517,13731,41,2167,1502,2.6
POA2518,19067,41,1987,1153,2.4
POA2519,16929,40,2007,1348,2.5
POA2522,300,19,0,0,0
POA2525,11564,40,2058,1581,2.8
POA2526,15630,40,1885,1522,2.8
POA2527,21383,37,1842,1500,2.9
POA2528,23774,44,1690,972,2.4
POA2529,26025,39,2000,1582,2.8
POA2530,32019,39,1750,1360,2.7
POA2533,15627,47,2000,1510,2.5
POA2534,5709,46,2158,1514,2.6
POA2535,7338,56,1800,1114,2.2
POA2536,17716,52,1456,963,2.2
POA2537,11812,54,1408,948,2.2
POA2538,2397,54,1647,1156,2.4
POA2539,17979,53,1430,900,2.2
POA2540,45121,48,1517,1024,2.4
POA2541,25641,42,1500,971,2.3
POA2545,1044,52,1300,975,2.3
POA2546,9121,58,1300,848,2.1
POA2548,7734,55,1477,1009,2.1
POA2549,3785,49,1517,1082,2.3
POA2550,15858,48,1300,1018,2.3
POA2551,3501,52,1335,839,2.2
POA2555,225,37,1654,1278,3
POA2556,2507,39,2167,1700,3.4
POA2557,8952,31,2600,2121,3.3
POA2558,11114,34,1800,1693,3.1
POA2559,3069,24,1983,785,3.3
POA2560,76521,34,1803,1429,2.9
POA2563,307,36,1500,1468,2.9
POA2564,13924,35,1733,1216,2.9
POA2565,19987,34,2000,1518,2.9
POA2566,26327,34,1926,1571,3.1
POA2567,38500,33,2167,2091,3.2
POA2568,1150,50,2375,1521,2.8
POA2569,1362,42,1976,1943,3
POA2570,40104,35,2253,2009,3
POA2571,11850,36,2167,2059,3
POA2572,4477,41,2058,1591,2.9
POA2573,5067,37,1842,1403,2.8
POA2574,5741,39,2068,1578,2.9
POA2575,15476,42,1820,1381,2.6
POA2576,13431,53,2000,1371,2.3
POA2577,15414,45,1790,1312,2.4
POA2578,2689,56,1592,1100,2.2
POA2579,4029,47,1733,1200,2.5
POA2580,29224,42,1517,1205,2.4
POA2581,2095,43,1733,1603,2.6
POA2582,12442,42,1980,1778,2.6
POA2583,4382,51,1300,1011,2.3
POA2584,543,44,1257,1104,2.3
POA2585,224,45,986,814,2.2
POA2586,2619,48,1192,995,2.2
POA2587,2917,49,975,954,2.3
POA2588,260,52,867,1224,2.5
POA2590,7093,49,1127,910,2.2
POA2594,11672,41,1300,983,2.4
POA2619,9508,36,2383,2820,3.1
POA2620,39289,37,2000,1731,2.5
POA2621,6056,39,2383,2457,2.9
POA2622,3922,49,1690,1100,2.3
POA2623,610,38,1417,1388,2.2
POA2625,389,38,275,1420,1.7
POA2626,500,43,1733,1720,2.7
POA2627,4622,37,1667,1524,2.5
POA2628,1912,45,1200,1162,2.3
POA2629,529,57,1042,852,1.9
POA2630,8691,45,1263,1078,2.2
POA2631,570,50,895,931,2.2
POA2632,1834,47,1040,1092,2.3
POA2633,379,56,732,808,2
POA2640,36343,39,1517,1313,2.4
POA2641,15070,40,1300,950,2.2
POA2642,4793,42,1300,1358,2.7
POA2643,2777,47,1300,1024,2.3
POA2644,2403,48,1092,1093,2.3
POA2645,402,51,563,854,2.2
POA2646,6758,48,1200,1027,2.2
POA2647,2161,52,1343,1028,2.2
POA2648,2369,52,910,880,2.1
POA2649,26,48,1603,1312,1.3
POA2650,56974,36,1521,1349,2.5
POA2651,2274,28,1330,1420,2.7
POA2652,4583,42,1200,1303,2.5
POA2653,2537,46,1192,1161,2.3
POA2655,1336,45,1189,1222,2.6
POA2656,1272,48,867,1018,2.3
POA2658,1433,46,914,841,2.4
POA2659,893,42,1000,1122,2.4
POA2660,1610,42,979,1080,2.5
POA2661,633,22,0,2173,3.2
POA2663,5186,38,1200,1101,2.5
POA2665,2226,46,650,1027,2.5
POA2666,5673,46,1200,1045,2.4
POA2668,459,42,650,808,2.5
POA2669,1654,45,600,1009,2.4
POA2671,4112,42,1062,1151,2.3
POA2672,1576,37,897,1026,2.5
POA2675,1562,39,910,1239,2.4
POA2678,340,20,0,0,0
POA2680,23940,37,1500,1334,2.7
POA2681,1732,41,1300,1309,2.7
POA2700,4922,44,1083,994,2.3
POA2701,2388,42,1300,1311,2.7
POA2702,779,47,750,935,2.5
POA2703,984,18,1168,1018,2.3
POA2705,10153,41,1300,1202,2.5
POA2706,1162,41,1083,1131,2.5
POA2707,1348,39,888,1315,2.5
POA2710,10123,46,1083,1050,2.3
POA2711,3360,45,952,1110,2.3
POA2712,1356,51,943,908,2.2
POA2713,2797,47,867,993,2.3
POA2714,2769,55,1200,895,2.2
POA2715,1477,44,858,1054,2.4
POA2716,1102,47,789,1129,2.3
POA2717,1330,44,867,864,2.6
POA2720,8012,44,1486,1146,2.4
POA2721,240,48,249,936,2.6
POA2722,3207,44,1127,1061,2.4
POA2725,374,50,780,772,2.2
POA2726,222,48,1083,1268,2.1
POA2727,350,38,867,1267,2.6
POA2729,1696,44,1153,1202,2.5
POA2730,1391,50,1006,921,2.2
POA2731,6410,46,1532,1148,2.4
POA2732,1776,55,1083,908,2.1
POA2733,545,50,715,979,2.1
POA2734,456,48,1246,1485,2.8
POA2735,448,45,737,833,2.6
POA2736,377,48,867,1093,2.3
POA2737,839,35,1100,1342,2.9
POA2738,1667,39,1517,1535,2.7
POA2739,1401,40,1291,1143,2.4
POA2745,29504,33,2167,2174,3.2
POA2747,42421,33,1989,1603,2.8
POA2748,1877,43,2500,2072,3.4
POA2749,16930,32,2000,1875,3
POA2750,44806,37,1993,1446,2.6
POA2752,4918,36,2010,1952,3.1
POA2753,17134,39,2000,1511,2.7
POA2754,5693,40,2147,1475,2.7
POA2755,261,24,0,0,0
POA2756,33932,35,2058,1741,2.9
POA2757,852,43,2167,1723,2.9
POA2758,8715,43,2200,2032,3
POA2759,26332,34,1993,1916,3.2
POA2760,33834,33,1950,1365,2.8
POA2761,30952,32,2000,1883,3.5
POA2762,4983,32,2400,2051,3.1
POA2763,30880,33,2167,2042,3.2
POA2765,16106,37,2279,1665,3
POA2766,15534,35,2000,1756,3.3
POA2767,22530,34,2167,1743,3.3
POA2768,28762,34,2492,2400,3.5
POA2769,11731,32,2900,2649,3.5
POA2770,61296,31,1700,1159,3.1
POA2773,6010,43,2000,2098,2.8
POA2774,12932,40,2058,1911,2.8
POA2775,1498,51,1517,1029,2.1
POA2776,4025,40,1950,1781,2.7
POA2777,17601,43,1959,1718,2.7
POA2778,2432,45,1733,1655,2.6
POA2779,4974,40,1733,1496,2.6
POA2780,13224,48,1560,1046,2.1
POA2782,6076,50,1733,1239,2.3
POA2783,2614,45,1733,1314,2.4
POA2784,1230,43,1760,1389,2.4
POA2785,4543,51,1625,1079,2.1
POA2786,1288,47,1500,1045,2.2
POA2787,4448,45,1430,1224,2.4
POA2790,15767,45,1400,975,2.3
POA2791,343,55,1300,1045,2.3
POA2792,384,48,1267,1023,2.2
POA2793,976,53,878,896,2.2
POA2794,10428,46,1192,968,2.3
POA2795,42550,37,1668,1310,2.5
POA2797,426,45,1300,1166,2.5
POA2798,2101,40,1950,1687,2.7
POA2799,4121,41,1430,1148,2.5
POA2800,44993,37,1668,1339,2.5
POA2803,281,54,948,966,2.1
POA2804,2668,46,1083,924,2.3
POA2805,399,47,975,900,2.5
POA2806,779,51,1083,1095,2.3
POA2807,427,53,758,781,2.2
POA2808,182,57,910,831,1.9
POA2809,240,51,600,956,2.2
POA2810,3150,50,968,905,2.2
POA2817,287,48,417,1011,2.3
POA2818,871,41,1300,1302,2.6
POA2820,7316,42,1083,893,2.4
POA2821,4810,41,1146,1092,2.5
POA2822,410,50,1292,912,2.2
POA2823,1425,44,758,1037,2.3
POA2824,2183,43,953,1060,2.3
POA2825,2383,40,1083,1120,2.4
POA2826,201,46,650,1416,2.5
POA2827,3691,45,1083,970,2.3
POA2828,831,44,582,924,2.4
POA2829,3102,42,910,1019,2.4
POA2830,40291,37,1517,1344,2.5
POA2831,1919,41,1266,1285,2.6
POA2832,2568,35,909,959,2.6
POA2833,650,38,479,907,2.5
POA2834,2340,51,846,676,2
POA2835,4173,35,1304,1628,2.4
POA2836,891,34,433,937,2.8
POA2838,247,33,542,758,2.5
POA2839,1338,34,440,893,2.6
POA2840,2695,36,981,1245,2.5
POA2842,630,48,867,807,2.4
POA2843,1290,46,925,975,2.4
POA2844,1437,49,967,871,2.3
POA2845,1980,40,1517,1135,2.6
POA2846,275,51,1400,719,2.2
POA2847,2424,47,1200,1023,2.4
POA2848,1645,50,867,708,2.1
POA2849,1546,51,1517,857,2.2
POA2850,17644,41,1733,1229,2.5
POA2852,3543,42,1560,1092,2.4
POA2864,804,44,1400,1296,2.6
POA2865,865,44,1300,1254,2.5
POA2866,3093,40,1517,1195,2.6
POA2867,602,44,867,1043,2.5
POA2868,652,46,867,982,2.3
POA2869,1449,49,867,807,2.2
POA2870,12042,39,1300,1154,2.5
POA2871,9349,42,1153,1065,2.4
POA2873,561,49,650,770,2.1
POA2874,424,52,560,1009,2.2
POA2875,973,48,726,975,2.4
POA2876,421,44,889,991,2.5
POA2877,3883,38,939,1016,2.4
POA2878,372,41,21,1325,2.2
POA2879,638,46,650,803,2.2
POA2880,18276,44,953,971,2.2
POA2898,382,44,1867,1397,2.2
POA3000,37975,26,1700,955,2
POA3002,4964,38,2192,2285,1.9
POA3003,5515,30,2006,1766,2.2
POA3004,9307,35,2000,2006,1.8
POA3005,525,33,2184,2182,2.1
POA3006,18808,30,2000,1852,1.9
POA3008,10437,30,2167,1858,2
POA3010,1593,20,0,3249,3
POA3011,21462,33,1974,1441,2.3
POA3012,26298,33,1987,1483,2.5
POA3013,14965,36,2167,2047,2.5
POA3015,17472,37,2167,2071,2.6
POA3016,15560,42,2200,2008,2.6
POA3018,12689,42,2000,1440,2.3
POA3019,9195,32,1600,1051,2.9
POA3020,44783,35,1517,1128,2.8
POA3021,54191,35,1408,1050,2.9
POA3022,3103,35,1517,1156,2.6
POA3023,63972,33,1800,1586,3.2
POA3024,23849,31,1600,1505,3
POA3025,12152,38,2000,1240,2.6
POA3026,73,52,0,630,1.2
POA3027,6646,31,2167,2220,3.3
POA3028,29201,36,1517,1387,2.7
POA3029,93950,31,1733,1578,3.2
POA3030,100313,33,1800,1676,3
POA3031,18531,33,2000,1626,2.2
POA3032,29450,33,2000,1720,2.5
POA3033,14514,43,2000,1484,2.7
POA3034,11633,44,1950,1318,2.7
POA3036,5925,44,2000,1743,2.8
POA3037,51155,33,1733,1684,3.2
POA3038,27262,41,1647,1654,3
POA3039,14250,37,2167,1861,2.4
POA3040,25936,37,2167,1825,2.5
POA3041,12412,39,2000,1905,2.7
POA3042,15766,40,1950,1461,2.5
POA3043,17716,40,1708,1291,2.5
POA3044,27116,37,2000,1607,2.6
POA3045,104,33,0,0,0
POA3046,34063,35,1733,1296,2.6
POA3047,20903,31,1321,922,3
POA3048,18029,32,1300,1017,3.3
POA3049,9262,39,1729,1513,2.8
POA3050,117,36,0,0,0
POA3051,14940,28,2100,1236,2.1
POA3052,5694,29,2000,1605,2.2
POA3053,18535,24,1894,572,1.9
POA3054,8428,33,2167,1991,2.3
POA3055,14159,34,2000,1423,2.2
POA3056,24473,33,2058,1724,2.2
POA3057,11504,32,2000,1726,2.2
POA3058,33778,36,2000,1608,2.6
POA3059,15466,34,2000,2030,3.4
POA3060,14043,34,1733,1086,2.9
POA3061,5056,36,1500,921,3.1
POA3062,0,0,0,0,0
POA3063,573,42,2100,2071,3.2
POA3064,75457,30,1733,1480,3.4
POA3065,10445,33,2286,1715,2.1
POA3066,8513,32,2180,1712,2
POA3067,8197,32,2142,2001,2.1
POA3068,18662,36,2167,2039,2.3
POA3070,24561,36,2167,1868,2.4
POA3071,18568,36,2000,1535,2.3
POA3072,32851,36,1950,1427,2.5
POA3073,50474,37,1733,1197,2.5
POA3074,20523,38,1517,1018,2.8
POA3075,22594,37,1670,1112,2.9
POA3076,32395,33,1700,1409,3
POA3078,11638,36,2050,1856,2.4
POA3079,15988,40,2176,2029,2.6
POA3081,13424,35,1750,1177,2.4
POA3082,29710,37,1600,1500,3
POA3083,31526,34,1733,1305,2.8
POA3084,25517,41,2058,1813,2.6
POA3085,13886,38,1980,1697,2.6
POA3086,910,20,0,262,2
POA3087,9031,39,1800,1543,2.6
POA3088,26892,40,1941,1739,2.7
POA3089,11733,38,2000,2089,3
POA3090,2364,39,2167,2588,3.3
POA3091,1588,43,2200,2147,3.2
POA3093,3891,43,2054,1822,2.6
POA3094,8960,40,1883,1742,2.6
POA3095,27771,41,2000,2150,2.9
POA3096,1961,42,1738,1927,3.1
POA3097,1443,43,2167,2255,3
POA3099,4878,42,1900,1831,2.9
POA3101,24605,39,2513,2206,2.6
POA3102,6635,40,2500,2149,2.8
POA3103,15343,43,2500,1731,2.6
POA3104,20406,41,2500,1996,3
POA3105,10873,45,2000,1501,2.7
POA3106,16618,45,2167,1916,2.9
POA3107,13552,44,2062,1591,2.7
POA3108,20826,42,1992,1366,2.5
POA3109,28360,41,2000,1504,2.8
POA3111,12347,44,2100,1783,2.8
POA3113,8457,42,2167,2252,3.1
POA3114,3822,43,2400,2660,3.3
POA3115,3796,43,2000,2452,3.2
POA3116,9872,39,1820,1728,2.8
POA3121,30499,33,2200,2015,2.1
POA3122,23511,32,2167,1813,2.2
POA3123,14321,34,2358,1976,2.4
POA3124,22094,41,2500,2195,2.7
POA3125,15019,30,2000,1209,2.6
POA3126,8056,44,2723,2440,2.8
POA3127,18445,40,2500,2192,2.7
POA3128,19828,33,2000,1200,2.5
POA3129,17376,38,2000,1541,2.7
POA3130,32174,40,2000,1636,2.7
POA3131,22504,39,1950,1428,2.6
POA3132,16148,38,2000,1650,2.5
POA3133,22125,42,2000,1664,2.8
POA3134,32781,38,1900,1628,2.7
POA3135,19956,39,1863,1606,2.6
POA3136,44369,38,1770,1488,2.6
POA3137,13871,39,1712,1433,2.6
POA3138,21967,36,1800,1594,2.8
POA3139,13718,38,1650,1464,2.8
POA3140,16531,39,1800,1448,2.6
POA3141,25147,32,2000,1813,1.8
POA3142,12909,45,2500,2311,2.2
POA3143,9054,37,2350,1990,2.1
POA3144,10886,41,3000,2306,2.4
POA3145,23295,35,2400,1884,2.6
POA3146,25255,37,2500,2195,2.6
POA3147,14637,38,2167,1844,2.7
POA3148,8641,33,2000,1531,2.6
POA3149,33611,41,2000,1643,2.7
POA3150,60079,42,2000,1591,2.9
POA3151,10273,40,2000,1373,2.7
POA3152,33092,42,1850,1602,2.8
POA3153,20554,37,1672,1351,2.5
POA3154,4419,39,1733,1680,2.7
POA3155,22195,38,1690,1318,2.4
POA3156,37464,39,1733,1603,2.7
POA3158,6652,40,1690,1773,2.7
POA3159,2648,40,1733,1849,2.9
POA3160,9014,39,1700,1688,2.8
POA3161,15269,37,2167,1990,2.5
POA3162,17448,41,2300,1911,2.6
POA3163,32353,34,2000,1524,2.4
POA3165,27635,40,2117,1735,2.7
POA3166,23757,35,2000,1584,2.7
POA3167,9261,40,2000,1476,2.7
POA3168,20197,27,1800,1069,2.7
POA3169,20122,36,1732,1304,2.8
POA3170,19368,39,1950,1572,2.8
POA3171,21714,34,1500,1079,3.1
POA3172,23089,39,1733,1370,3
POA3173,25785,35,2000,1585,3.2
POA3174,38461,35,1500,1127,2.7
POA3175,53297,34,1517,1074,2.8
POA3177,11306,34,1350,973,2.8
POA3178,33672,38,1800,1892,3
POA3179,6022,38,1800,1615,2.9
POA3180,7462,39,1733,1478,2.7
POA3181,20260,33,2167,1816,1.9
POA3182,23391,34,2000,1623,1.8
POA3183,18497,33,2000,1680,2.2
POA3184,15543,35,2167,1892,2
POA3185,12929,36,2167,1830,2.3
POA3186,23253,45,2913,2410,2.5
POA3187,15998,44,2500,2065,2.6
POA3188,18083,42,2500,2010,2.6
POA3189,5895,39,2000,1474,2.5
POA3190,10454,39,2100,1613,2.4
POA3191,10241,44,2500,2124,2.5
POA3192,22291,40,2000,1502,2.5
POA3193,19508,46,2500,2179,2.7
POA3194,12965,41,2000,1521,2.3
POA3195,35869,40,2000,1819,2.7
POA3196,25327,40,1845,1456,2.4
POA3197,11548,43,1950,1547,2.4
POA3198,16463,40,1600,1208,2.2
POA3199,54298,41,1600,1226,2.4
POA3200,5762,39,1205,888,2.3
POA3201,20711,36,1517,1339,2.6
POA3202,2907,39,2000,1816,2.9
POA3204,30635,38,2167,1801,2.7
POA3205,10920,36,2167,1842,2
POA3206,10359,43,3000,2301,2.3
POA3207,16175,40,2500,2190,2.1
POA3211,1322,42,1975,1678,2.8
POA3212,16652,37,1690,1557,2.8
POA3213,4033,40,1733,1602,3
POA3214,23964,36,1127,828,2.4
POA3215,20616,42,1421,1141,2.4
POA3216,56284,38,1600,1370,2.5
POA3217,6607,30,1820,1906,2.9
POA3218,13437,37,1555,1286,2.2
POA3219,19715,42,1300,991,2.2
POA3220,16353,40,1816,1573,2.3
POA3221,749,42,1975,2133,3
POA3222,14960,45,1517,1199,2.5
POA3223,7397,58,1517,896,2.1
POA3224,14187,40,1582,1334,2.6
POA3225,4058,59,1733,1206,2.1
POA3226,14165,42,1733,1432,2.5
POA3227,4819,44,1954,1744,2.6
POA3228,17939,39,2000,1763,2.7
POA3230,2545,51,1624,1284,2.2
POA3231,1256,52,1613,1228,2.2
POA3232,1114,53,2000,1257,2.1
POA3233,2030,52,1365,933,2
POA3234,181,52,1150,1053,1.8
POA3235,381,45,1430,1305,2.4
POA3236,230,52,1538,875,2
POA3237,214,49,1000,814,2.1
POA3238,218,51,1083,850,2
POA3239,424,47,1083,905,2.3
POA3240,2021,41,1772,1766,2.9
POA3241,2566,46,1318,1129,2.4
POA3242,828,44,1490,1181,2.4
POA3243,358,47,1635,1100,2.4
POA3249,3199,46,1404,1152,2.5
POA3250,12250,42,1270,1055,2.3
POA3251,522,47,1163,1013,2.3
POA3254,310,35,1105,1235,2.8
POA3260,4766,48,1083,993,2.3
POA3264,2288,47,1045,1012,2.3
POA3265,2621,41,1227,1303,2.7
POA3266,3067,44,1209,1130,2.5
POA3267,248,43,1551,1166,2.5
POA3268,2607,43,1083,1147,2.5
POA3269,730,38,1517,1364,2.5
POA3270,247,50,1250,943,2
POA3271,196,46,867,1050,2.4
POA3272,1539,48,891,857,2.2
POA3273,143,48,800,1208,2.8
POA3274,246,43,964,1416,2.3
POA3275,425,36,1853,1611,2.8
POA3276,482,45,1100,1418,2.6
POA3277,1926,38,1473,1465,2.7
POA3278,313,39,1517,1261,2.5
POA3279,290,37,1416,1375,3
POA3280,31569,40,1430,1162,2.4
POA3281,1699,39,1602,1640,2.9
POA3282,2362,41,1333,1291,2.6
POA3283,1361,43,1300,1377,2.6
POA3284,3439,49,1560,1128,2.3
POA3285,1207,47,1300,1236,2.5
POA3286,566,48,867,987,2.4
POA3287,433,40,975,1375,2.8
POA3289,756,50,758,1100,2.4
POA3292,190,60,927,956,1.8
POA3293,301,48,650,956,2.2
POA3294,959,45,1000,1118,2.4
POA3300,10088,45,1083,1038,2.2
POA3301,1211,45,1300,1367,2.6
POA3302,371,47,676,1275,2.4
POA3303,336,42,1083,1237,2.5
POA3304,2725,48,993,1009,2.2
POA3305,12816,45,1213,1092,2.3
POA3309,124,48,650,949,2
POA3310,276,53,500,833,1.9
POA3311,1696,54,800,758,2
POA3312,1031,47,750,1003,2.4
POA3314,525,44,1156,1092,2.5
POA3315,1624,50,650,895,2.2
POA3317,200,42,1160,972,2.3
POA3318,1267,50,723,940,2.1
POA3319,344,52,650,1062,2.1
POA3321,1518,39,1733,1678,2.8
POA3322,175,50,647,774,2.2
POA3323,92,54,0,1145,2.1
POA3324,529,52,666,795,2.2
POA3325,479,52,867,830,2.2
POA3328,1721,39,1733,1621,2.9
POA3329,285,39,1300,1078,2.6
POA3330,217,44,910,900,2.3
POA3331,5997,35,1733,1651,3
POA3332,1014,38,1517,1447,3
POA3333,825,43,1300,1266,2.6
POA3334,565,46,1517,1062,2.4
POA3335,5856,31,2000,1728,2.9
POA3337,36454,33,1465,1296,2.8
POA3338,23412,33,1517,1337,2.8
POA3340,21121,38,1600,1426,2.7
POA3341,1663,42,1658,1613,2.8
POA3342,3441,44,1553,1282,2.5
POA3345,1151,44,1517,1411,2.7
POA3350,59145,37,1408,1238,2.4
POA3351,8168,42,1387,1249,2.7
POA3352,15996,41,1500,1439,2.8
POA3355,13014,42,1144,887,2.2
POA3356,16321,36,1300,960,2.3
POA3357,3714,41,1517,1573,2.7
POA3360,765,50,1083,971,2.2
POA3361,680,50,758,779,2.3
POA3363,3479,47,1200,969,2.3
POA3364,2149,48,1300,1129,2.4
POA3370,1783,51,1083,830,2.2
POA3371,992,53,900,765,2.2
POA3373,2292,51,1083,842,2.2
POA3374,400,48,1083,1075,2.3
POA3375,208,43,988,924,2.4
POA3377,9416,45,1066,1011,2.3
POA3378,146,39,1500,1395,2.8
POA3379,803,50,507,955,2.1
POA3380,6032,47,975,928,2.2
POA3381,1212,48,1300,1103,2.3
POA3384,547,53,864,863,2.1
POA3385,517,50,926,1053,2.3
POA3387,312,48,932,990,2.2
POA3388,561,51,650,956,2.3
POA3390,910,47,780,915,2.3
POA3391,171,48,477,966,2.5
POA3392,580,57,593,736,1.9
POA3393,2685,49,757,894,2.2
POA3395,364,53,290,913,2
POA3396,739,53,650,971,2.1
POA3400,14543,41,1192,1058,2.2
POA3401,4421,43,1365,1338,2.7
POA3407,420,49,625,1021,2.3
POA3409,932,49,867,1077,2.3
POA3412,299,50,440,767,2.1
POA3413,215,44,860,1138,2.4
POA3414,1826,52,806,887,2.1
POA3415,40,49,763,1124,2.2
POA3418,2772,47,850,1004,2.3
POA3419,803,49,650,1027,2.1
POA3420,279,37,183,1112,2.5
POA3423,477,54,433,685,2
POA3424,769,52,650,831,2.1
POA3427,2763,37,1470,1440,2.5
POA3428,675,46,1794,1812,3
POA3429,36297,37,1600,1573,2.7
POA3430,320,45,2000,1375,2.7
POA3431,3947,42,1800,1834,2.9
POA3432,197,47,2167,2062,2.7
POA3433,218,41,1733,1763,3
POA3434,5069,41,1710,1622,2.8
POA3435,2879,44,1602,1430,2.6
POA3437,10439,40,2000,1883,2.8
POA3438,2387,39,1842,1810,2.9
POA3440,2040,43,1904,1848,2.8
POA3441,1335,46,2167,2068,2.6
POA3442,7463,43,1733,1697,2.6
POA3444,9198,46,1560,1240,2.4
POA3446,1025,45,1300,1231,2.4
POA3447,448,47,1200,1075,2.4
POA3448,876,51,1300,1142,2.3
POA3450,6834,50,1200,907,2.1
POA3451,5656,44,1300,1139,2.4
POA3453,1723,47,1452,1316,2.6
POA3458,1945,52,1345,1096,2.2
POA3460,2567,53,1377,928,2
POA3461,4149,49,1300,1057,2.3
POA3462,1173,50,1148,919,2.2
POA3463,2451,55,1213,875,2
POA3464,1115,44,1083,1008,2.5
POA3465,9776,50,1000,781,2.2
POA3467,1193,52,894,775,2.2
POA3468,286,53,867,850,2.2
POA3469,280,55,758,778,2.1
POA3472,1480,55,811,674,2
POA3475,345,57,700,675,2
POA3477,829,52,845,872,2.3
POA3478,2456,53,867,816,2
POA3480,1856,52,780,895,2.2
POA3482,164,52,325,725,2.2
POA3483,889,47,650,938,2.3
POA3485,302,53,482,869,2.2
POA3487,93,39,525,1031,2.4
POA3488,115,48,433,849,2.3
POA3489,57,56,0,762,2.1
POA3490,1293,53,800,874,2.1
POA3491,133,48,0,820,2.2
POA3494,663,39,1053,1069,2.4
POA3496,6224,42,1083,1078,2.5
POA3498,5325,42,1300,1228,2.7
POA3500,32738,39,1231,1023,2.4
POA3501,1941,40,1528,1590,2.9
POA3505,4832,43,1083,1056,2.6
POA3506,36,49,0,824,1.9
POA3507,158,50,575,915,2.3
POA3509,233,50,676,1100,2.3
POA3512,371,50,625,1042,2.2
POA3515,1944,33,1600,1468,2.8
POA3516,694,46,1083,1120,2.3
POA3517,1421,51,800,808,2.1
POA3518,1306,53,650,727,2
POA3520,180,58,336,575,2
POA3521,660,42,1509,1286,2.7
POA3522,339,50,1207,1100,2.6
POA3523,3620,55,1128,809,2.1
POA3525,1301,54,800,772,2.1
POA3527,785,55,650,815,2
POA3529,121,41,433,875,2.8
POA3530,126,54,596,985,2
POA3531,191,48,477,866,2.5
POA3533,778,51,630,808,2.2
POA3537,1043,53,758,940,2.2
POA3540,291,55,585,720,2
POA3542,157,52,477,860,2.6
POA3544,250,48,650,833,2.2
POA3546,402,51,650,1080,2.2
POA3549,3522,37,1083,1107,2.7
POA3550,40339,39,1300,1107,2.3
POA3551,29565,36,1603,1637,2.9
POA3555,19687,40,1300,1060,2.3
POA3556,13085,38,1257,964,2.4
POA3557,785,40,1300,1325,2.6
POA3558,913,51,953,875,2.2
POA3559,542,47,992,943,2.5
POA3561,4436,48,1172,1038,2.4
POA3562,279,46,1454,1269,2.5
POA3563,808,45,977,987,2.5
POA3564,15944,44,1400,1168,2.4
POA3565,109,43,1372,1178,2.7
POA3566,551,47,871,966,2.3
POA3567,655,49,870,975,2.4
POA3568,2945,50,1000,958,2.2
POA3570,753,46,1049,1125,2.6
POA3571,318,44,867,860,2.5
POA3572,151,40,921,1047,2.5
POA3573,333,43,542,966,2.4
POA3575,811,47,737,926,2.2
POA3576,74,43,1040,939,1.7
POA3579,5365,48,977,911,2.3
POA3580,991,52,986,791,2.1
POA3581,168,48,1279,833,2.6
POA3583,209,37,1083,1031,2.9
POA3584,1138,43,1000,1103,2.5
POA3585,11206,39,1300,1099,2.3
POA3586,829,41,1500,1385,2.8
POA3588,356,42,867,1066,2.7
POA3589,352,42,1177,1289,2.8
POA3590,336,39,1083,1125,2.9
POA3591,159,46,986,1156,2.3
POA3594,530,47,964,1042,2.3
POA3595,663,49,650,761,2.2
POA3596,94,45,963,1025,2.3
POA3597,415,47,756,1058,2.2
POA3599,132,49,658,1062,2.3
POA3607,131,43,1400,1166,2.3
POA3608,2418,52,1300,977,2.2
POA3610,1712,45,1235,938,2.4
POA3612,1709,54,1000,832,2.1
POA3614,882,40,1521,1654,2.8
POA3616,5357,43,1365,1196,2.4
POA3617,158,47,1300,966,2.5
POA3618,679,43,1042,1026,2.5
POA3620,8240,45,1300,1045,2.4
POA3621,2368,42,1127,1076,2.5
POA3622,457,45,1300,1312,2.5
POA3623,899,52,1000,918,2.3
POA3624,561,43,919,1032,2.4
POA3629,9127,41,1200,1022,2.3
POA3630,31272,37,1300,1068,2.5
POA3631,11612,39,1603,1624,2.8
POA3633,605,42,1517,1445,3
POA3634,1799,42,1300,1367,2.7
POA3635,537,44,1083,1272,2.3
POA3636,5241,46,1100,987,2.3
POA3637,594,39,1083,1196,2.9
POA3638,2074,45,990,995,2.3
POA3639,526,54,867,829,2.2
POA3640,996,37,1287,1246,2.8
POA3641,1238,42,1200,1130,2.6
POA3644,9227,45,1300,1014,2.4
POA3646,584,44,1083,1221,2.5
POA3647,44,20,0,0,0
POA3649,434,45,900,944,2.5
POA3658,6222,41,1302,1243,2.6
POA3659,736,46,1517,1336,2.5
POA3660,7574,46,1284,1024,2.3
POA3662,1078,25,0,2035,3.2
POA3663,182,38,867,1274,2.6
POA3664,1070,45,1300,1197,2.4
POA3665,359,51,867,1137,2.4
POA3666,4698,53,1092,912,2.1
POA3669,1337,55,1133,923,2.1
POA3670,572,51,1083,1129,2.3
POA3672,10330,49,1170,905,2.1
POA3673,1732,50,1400,1099,2.5
POA3675,1805,47,1300,1302,2.5
POA3677,18102,44,1300,1009,2.2
POA3678,6356,47,1463,1314,2.6
POA3682,613,44,1300,1257,2.6
POA3683,1757,47,1300,1201,2.4
POA3685,2722,47,1272,1154,2.3
POA3687,1098,44,1357,1142,2.4
POA3688,1236,41,1387,1534,2.6
POA3690,33518,37,1387,1206,2.4
POA3691,9704,38,1634,1631,2.8
POA3694,90,23,0,0,0
POA3695,471,45,1430,1699,2.8
POA3697,574,52,1460,1081,2.4
POA3698,862,52,1224,1101,2.2
POA3699,1124,43,953,900,2
POA3700,1318,48,1083,1103,2.3
POA3701,1078,51,975,972,2.2
POA3704,20,52,1095,1562,1.7
POA3705,261,48,1000,1174,2.3
POA3707,1836,51,867,902,2.2
POA3708,60,58,2275,933,1.8
POA3709,290,59,726,933,2
POA3711,492,53,1517,1083,2.3
POA3712,353,55,1300,751,1.9
POA3713,1024,57,1020,791,1.9
POA3714,3509,51,1300,989,2.2
POA3715,307,56,1400,1145,2.2
POA3717,2650,52,1387,1016,2.2
POA3718,72,56,2156,1125,1.7
POA3719,367,55,1211,1125,2.2
POA3720,570,52,1300,937,2.2
POA3722,5018,45,1411,1096,2.3
POA3723,3005,48,1252,1003,2.1
POA3725,629,49,1300,1284,2.5
POA3726,401,51,867,916,2.3
POA3727,309,49,867,1011,2.5
POA3728,636,50,1083,1011,2.3
POA3730,8833,49,1387,994,2.3
POA3732,588,46,1196,1005,2.3
POA3733,215,49,933,900,2.3
POA3735,602,48,1500,1150,2.4
POA3737,4303,50,1300,944,2.2
POA3738,219,46,1625,982,2.3
POA3739,212,46,1400,1075,2.1
POA3740,1072,47,1300,1125,2.5
POA3741,3100,48,1393,970,2.2
POA3744,453,46,1300,1095,2.4
POA3746,385,51,1300,949,2.3
POA3747,4625,49,1428,1170,2.3
POA3749,1888,48,1560,1383,2.5
POA3750,9060,30,2000,1612,3.2
POA3751,277,50,2080,1392,2.9
POA3752,24060,34,1852,1739,3.1
POA3753,2330,32,1997,1940,3.2
POA3754,37757,31,1950,1742,3
POA3755,252,47,1950,1312,2.7
POA3756,11926,34,1733,1594,2.9
POA3757,8959,40,1733,1452,2.8
POA3758,2181,39,1733,1752,3
POA3759,1062,45,1950,2012,2.9
POA3760,369,45,1950,1854,2.9
POA3761,1226,42,1950,1790,2.8
POA3762,131,50,1425,1468,2.6
POA3763,1536,41,1500,1353,2.5
POA3764,9165,40,1585,1374,2.6
POA3765,6761,41,1761,1707,2.8
POA3766,1239,42,1733,1553,2.5
POA3767,1251,46,1989,1603,2.5
POA3770,3218,40,1649,1646,2.9
POA3775,3861,41,1950,1543,2.7
POA3777,10751,44,1517,1226,2.5
POA3778,205,47,1088,1149,2.2
POA3779,394,58,1127,922,2
POA3781,4477,36,1621,1573,2.8
POA3782,7827,42,1733,1701,2.8
POA3783,2350,40,1733,1618,2.9
POA3785,77,44,1755,2187,2.1
POA3786,1518,44,1879,1971,2.7
POA3787,1062,43,1794,2005,2.7
POA3788,1738,44,1800,1518,2.5
POA3789,265,48,2045,1547,2.4
POA3791,1437,44,1800,1734,2.7
POA3792,1065,44,1733,1583,2.8
POA3793,3577,42,1608,1377,2.7
POA3795,1246,42,2000,1698,3
POA3796,9702,37,1733,1655,2.9
POA3797,3476,44,1485,1097,2.5
POA3799,5798,44,1300,956,2.3
POA3800,2211,20,0,1875,1.3
POA3802,24298,37,1625,1454,3
POA3803,10855,35,1560,1301,3
POA3804,8094,41,2000,2165,3.4
POA3805,56933,34,1700,1624,3.2
POA3806,48520,36,1842,1752,3
POA3807,7097,39,1983,1928,3.1
POA3808,3033,41,2100,2144,3.1
POA3809,7210,30,1900,1864,2.9
POA3810,47894,32,1700,1383,2.8
POA3812,2312,42,1986,1703,2.9
POA3813,886,45,1550,1429,2.9
POA3814,2255,40,1733,1403,2.8
POA3815,3022,41,1733,1475,2.8
POA3816,2721,37,1550,1261,2.6
POA3818,14167,41,1500,1159,2.5
POA3820,15952,42,1447,1196,2.4
POA3821,2917,44,1612,1397,2.7
POA3822,985,40,1500,1363,2.9
POA3823,1838,45,1309,1189,2.4
POA3824,5004,42,1387,1244,2.5
POA3825,20281,44,1083,910,2.2
POA3831,1702,48,1517,1259,2.5
POA3832,247,55,1176,1031,2.2
POA3833,307,54,950,807,1.9
POA3835,471,42,1040,1133,2.7
POA3840,16476,43,1066,906,2.2
POA3842,4783,37,975,964,2.4
POA3844,28980,38,1400,1321,2.4
POA3847,2191,42,1300,1223,2.4
POA3850,14779,40,1300,1168,2.3
POA3851,5687,45,1300,988,2.3
POA3852,93,25,1625,1374,2.3
POA3854,1397,40,1517,1682,2.8
POA3856,989,35,1419,1609,2.7
POA3857,364,44,1187,1516,2.6
POA3858,3025,44,1083,986,2.4
POA3859,834,42,1200,1293,2.5
POA3860,7172,43,1213,1117,2.4
POA3862,3156,43,1317,1159,2.5
POA3864,217,43,1300,1174,2.4
POA3865,449,46,1296,1111,2.4
POA3869,1626,43,1300,1369,2.5
POA3870,1271,50,1114,1089,2.3
POA3871,2902,47,1289,1093,2.4
POA3873,321,46,1300,1403,2.4
POA3874,558,55,1083,891,2.1
POA3875,18625,45,1300,1026,2.3
POA3878,1094,56,1300,1111,2.3
POA3880,4032,60,1100,838,2
POA3882,1095,51,1300,1073,2.4
POA3885,1871,47,1192,947,2.3
POA3886,389,46,1300,892,2.4
POA3887,342,49,979,762,2.2
POA3888,3426,53,1000,767,2.1
POA3889,184,58,970,545,1.6
POA3890,324,51,650,749,2
POA3891,106,62,1400,774,1.5
POA3892,1063,58,1083,774,2
POA3893,23,55,0,1374,0
POA3895,193,52,867,671,1.7
POA3896,406,48,975,1011,2.2
POA3898,790,44,1100,1025,2.3
POA3900,149,59,650,756,1.9
POA3902,408,53,1300,1008,2.4
POA3903,751,55,1300,900,2.1
POA3904,1449,58,1300,1001,2.1
POA3909,7901,52,1300,869,2.2
POA3910,22588,37,1700,1579,2.7
POA3911,3414,40,1528,1492,2.7
POA3912,15157,40,1691,1485,2.8
POA3913,3338,41,1571,1523,2.7
POA3915,9960,41,1600,973,2.3
POA3916,955,56,1733,1708,2.4
POA3918,3705,41,1700,1449,2.7
POA3919,3183,38,1449,1167,2.5
POA3920,1040,22,0,1952,2.7
POA3921,119,56,493,477,1.9
POA3922,7738,51,1400,903,2.2
POA3923,519,58,1509,924,2
POA3925,3384,46,1425,1100,2.3
POA3926,3242,48,1733,1533,2.6
POA3927,1667,52,1752,1468,2.3
POA3928,416,52,2800,1724,2.3
POA3929,905,58,2500,1632,2.2
POA3930,17888,44,2200,2030,2.8
POA3931,23989,47,1733,1203,2.3
POA3933,1098,45,2167,2028,3
POA3934,18548,43,2000,1707,2.7
POA3936,11024,50,1733,1157,2.3
POA3937,1524,50,1950,1774,2.6
POA3938,2823,54,1733,1241,2.3
POA3939,14524,49,1558,973,2.2
POA3940,4930,59,1400,786,1.9
POA3941,12172,46,1560,1067,2.3
POA3942,2313,57,1800,1060,2
POA3943,1592,65,1733,1136,1.9
POA3944,510,67,2000,1863,1.8
POA3945,978,50,1500,1226,2.3
POA3946,209,52,1517,1137,2.3
POA3950,4800,44,1300,948,2.4
POA3951,1003,47,1300,1088,2.5
POA3953,7855,43,1430,1131,2.4
POA3954,404,46,1603,1329,2.7
POA3956,2821,51,1127,881,2.2
POA3957,281,41,1187,1402,2.9
POA3958,272,48,1509,1375,2.6
POA3959,1151,49,1114,1029,2.3
POA3960,2474,56,1247,865,2.1
POA3962,914,52,1088,844,2
POA3964,134,53,867,819,2.2
POA3965,209,61,840,830,1.8
POA3966,511,49,1300,866,2.2
POA3967,125,49,1417,939,2.1
POA3971,4018,52,1083,885,2.1
POA3975,15248,32,2000,1947,3.5
POA3976,25530,33,1508,1307,3.2
POA3977,93326,32,1768,1560,3
POA3978,10648,30,2000,1864,3.1
POA3979,321,43,1733,1402,2.9
POA3980,3350,39,1723,1501,2.7
POA3981,4898,37,1733,1379,2.8
POA3984,5209,49,1300,943,2.2
POA3987,1527,41,1517,1404,2.9
POA3988,999,45,1300,1184,2.6
POA3990,106,51,1467,1075,2.2
POA3991,359,50,1355,811,2.4
POA3992,967,42,1419,1052,2.3
POA3995,10173,48,1300,840,2.2
POA3996,5538,52,1723,1042,2.2
POA4000,16552,30,2000,1728,2.1
POA4005,17876,36,2200,2054,1.9
POA4006,14530,31,2000,1618,1.9
POA4007,12769,38,2300,1918,2.2
POA4008,368,42,1625,1199,2.1
POA4009,0,0,0,0,0
POA4010,2296,32,2000,1724,2
POA4011,15180,37,2167,1828,2.3
POA4012,21828,34,2000,1726,2.3
POA4013,4568,34,2033,1672,2.4
POA4014,11913,37,2000,1861,2.7
POA4017,36869,40,1860,1591,2.6
POA4018,12153,36,1733,1408,2.4
POA4019,20106,44,1651,1138,2.2
POA4020,22043,49,1733,1125,2.2
POA4021,9790,40,1625,1123,2.5
POA4022,7165,41,1647,1157,2.6
POA4025,368,35,1300,1093,1.7
POA4029,81,35,0,0,0
POA4030,16530,32,2200,1834,2.4
POA4031,13588,34,2167,1796,2.4
POA4032,15777,37,1900,1369,2.3
POA4034,44463,38,1950,1503,2.5
POA4035,24209,41,2000,2100,2.9
POA4036,6502,36,1733,1584,2.8
POA4037,7973,36,2129,2368,3.2
POA4051,27531,33,2167,1895,2.5
POA4053,43986,36,2000,1759,2.5
POA4054,13620,38,1950,1606,2.6
POA4055,20561,37,2000,2096,3
POA4059,13495,29,2176,1634,2.4
POA4060,13039,36,2464,2289,2.8
POA4061,16692,41,2167,2163,2.9
POA4064,10837,32,2400,2190,2.4
POA4065,9500,37,2600,2538,2.8
POA4066,16698,29,2100,1779,2.3
POA4067,10424,25,2167,1385,2.6
POA4068,23617,31,2037,1730,2.5
POA4069,33627,42,2300,2403,2.9
POA4070,11613,37,2110,2128,3
POA4072,2152,19,0,1499,1
POA4073,9138,39,2063,2254,2.9
POA4074,23735,38,2000,1958,2.8
POA4075,23352,36,2146,1946,2.7
POA4076,8107,33,1517,1271,2.8
POA4077,30758,32,1625,1085,2.9
POA4078,25806,35,1733,1639,2.9
POA4101,22861,32,2167,1728,2.2
POA4102,7660,30,2100,1489,2.3
POA4103,14316,31,2000,1613,2.4
POA4104,6535,36,2123,1665,2.3
POA4105,13321,35,1996,1676,2.4
POA4106,1595,33,1603,1375,2.5
POA4107,6290,35,2000,1628,2.7
POA4108,6028,32,1660,1275,2.7
POA4109,37607,33,1800,1388,3
POA4110,10918,33,1733,1370,2.9
POA4111,1183,26,1831,1489,2.4
POA4112,8108,32,2000,1835,3.3
POA4113,29913,33,1733,1530,3
POA4114,29064,31,1300,960,2.9
POA4115,19308,35,1915,1784,3
POA4116,25936,32,1950,1707,3.2
POA4117,1365,31,1928,1733,3.2
POA4118,30400,33,1733,1557,3
POA4119,6341,33,1900,1648,3
POA4120,8936,32,2000,1671,2.2
POA4121,25264,36,2167,2031,2.7
POA4122,43850,35,2000,1594,2.7
POA4123,18491,35,1863,1709,2.8
POA4124,19672,35,1850,1671,3.1
POA4125,7142,45,1900,1303,2.8
POA4127,26373,36,1694,1418,2.8
POA4128,16506,37,1920,1865,2.9
POA4129,6303,33,1733,1619,3
POA4130,8532,40,2008,2021,3
POA4131,10439,31,1600,1320,2.9
POA4132,26215,28,1517,1336,3.3
POA4133,17769,33,1733,1334,2.8
POA4151,16282,34,2000,1789,2.3
POA4152,44684,37,2167,1959,2.7
POA4153,4374,38,2058,2094,2.9
POA4154,10974,34,2444,2486,3.2
POA4155,1442,43,2817,2476,3.3
POA4156,3146,39,2275,2514,3.3
POA4157,19035,38,1872,1520,2.7
POA4158,3761,40,1777,1299,2.3
POA4159,14497,41,1961,1673,2.8
POA4160,18139,43,2000,1834,2.7
POA4161,16254,37,1820,1591,2.8
POA4163,14801,49,1950,1275,2.3
POA4164,14694,39,2167,1936,3
POA4165,36815,40,2100,1687,2.8
POA4169,13995,33,2000,1802,2.1
POA4170,24514,33,2258,2065,2.5
POA4171,15721,36,2600,2392,2.5
POA4172,4303,34,2167,2030,2.8
POA4173,8290,37,1863,1643,2.6
POA4174,2385,35,1904,1669,2.7
POA4178,25208,40,2000,1467,2.5
POA4179,19291,41,2050,1709,2.6
POA4183,2102,49,1733,1013,2.1
POA4184,6906,57,975,707,1.9
POA4205,5385,47,1517,949,2.3
POA4207,55215,35,1673,1272,2.7
POA4208,19965,33,2043,1831,3.1
POA4209,50073,29,2000,1705,3.2
POA4210,19475,35,2000,1745,3
POA4211,60801,37,1863,1459,2.7
POA4212,28053,44,2037,1688,2.6
POA4213,29042,40,2000,1669,3
POA4214,37238,39,1820,1449,2.8
POA4215,50166,38,1560,1034,2.1
POA4216,37435,47,1842,1180,2.2
POA4217,40836,40,1950,1275,2.2
POA4218,31864,40,1950,1399,2.3
POA4220,31233,40,1900,1393,2.4
POA4221,26802,41,1932,1308,2.4
POA4222,0,0,0,0,0
POA4223,13892,43,1950,1392,2.6
POA4224,6588,41,1733,1288,2.3
POA4225,7754,49,1625,1039,1.9
POA4226,32243,40,1900,1466,2.6
POA4227,21687,34,1950,1458,2.7
POA4228,5297,43,2167,1903,3.2
POA4229,384,19,0,0,0
POA4230,1674,43,1580,1265,2.1
POA4270,3950,41,2080,1841,3
POA4271,2888,47,1650,1217,2.4
POA4272,4612,51,1807,1266,2.5
POA4275,3434,42,1863,1542,2.8
POA4280,16862,35,1950,1791,3.2
POA4285,20247,40,1738,1296,2.7
POA4287,824,46,1387,982,2.4
POA4300,55669,30,1800,1706,3
POA4301,28240,28,1517,1369,3.1
POA4303,3946,38,1231,941,2.7
POA4304,17316,35,1387,1140,2.5
POA4305,62549,34,1473,1253,2.6
POA4306,35798,38,1800,1663,2.9
POA4307,1555,42,1560,1424,2.8
POA4309,3006,44,1437,1117,2.6
POA4310,5752,47,1430,1098,2.4
POA4311,10599,41,1473,1100,2.7
POA4312,2672,53,1279,859,2.2
POA4313,2323,50,1300,853,2.3
POA4340,5451,42,1517,1243,2.6
POA4341,14592,40,1543,1173,2.7
POA4342,2618,40,1300,1055,2.6
POA4343,11359,35,1517,1140,2.7
POA4344,2622,41,1517,1228,2.6
POA4345,328,20,0,574,2.5
POA4346,873,41,1394,1307,2.6
POA4347,1192,44,1300,1163,2.6
POA4350,106745,37,1517,1231,2.4
POA4352,28460,38,1733,1723,2.9
POA4353,294,44,1322,974,2.5
POA4354,1199,41,1202,1081,2.5
POA4355,2678,51,1300,854,2.3
POA4356,5179,42,1517,1289,2.6
POA4357,2582,45,1100,1049,2.4
POA4358,2264,38,1517,1364,2.7
POA4359,1243,40,1300,1330,2.7
POA4360,592,42,1400,1237,2.5
POA4361,2653,49,1291,967,2.4
POA4362,2462,48,1300,970,2.4
POA4363,599,42,1478,1323,2.5
POA4364,217,36,940,1446,2.8
POA4365,508,51,1000,805,2.3
POA4370,18521,42,1300,1024,2.4
POA4371,708,51,1300,888,2.3
POA4372,161,49,1300,1149,2.5
POA4373,1032,51,1095,862,2.3
POA4374,355,54,1083,946,2.2
POA4375,211,51,1300,900,2.2
POA4376,319,50,975,878,2.2
POA4377,538,49,1109,984,2.3
POA4378,511,45,1469,958,2.5
POA4380,7907,47,1213,919,2.3
POA4381,594,46,1127,862,2.5
POA4382,517,47,1083,1052,2.5
POA4383,619,51,867,731,2
POA4384,64,45,500,1083,2.4
POA4385,1222,51,867,794,2.2
POA4387,1280,48,997,984,2.3
POA4388,416,43,800,914,2.5
POA4390,6878,36,1517,1399,2.5
POA4400,1884,37,1473,1337,2.8
POA4401,5719,39,1333,1159,2.6
POA4402,297,56,755,774,2.1
POA4403,811,40,990,1244,2.7
POA4404,539,37,1733,1508,2.8
POA4405,14485,35,1452,1301,2.6
POA4406,1467,41,800,1112,2.6
POA4407,526,46,741,1244,2.4
POA4408,631,44,1094,1047,2.5
POA4410,1122,52,964,887,2.1
POA4411,287,35,867,1465,2.6
POA4412,192,37,867,1075,2.4
POA4413,8024,35,1690,1338,2.6
POA4415,1988,39,1232,1116,2.3
POA4416,498,38,1586,1473,2.6
POA4417,669,44,867,1050,2.3
POA4418,109,41,0,788,2.3
POA4419,944,39,700,1391,2.3
POA4420,1178,44,810,1206,2.5
POA4421,2483,47,867,776,2.2
POA4422,482,43,1509,1107,2.5
POA4423,200,39,0,1091,2.8
POA4424,238,34,1323,1271,2.5
POA4425,219,38,825,1100,2.4
POA4426,124,48,804,1041,2.4
POA4427,351,42,761,1089,2.4
POA4428,666,42,1299,1164,2.6
POA4454,706,42,991,1284,2.2
POA4455,8486,34,1590,1542,2.5
POA4461,58,49,1100,1174,2.1
POA4462,110,45,0,850,2.2
POA4465,1230,43,1016,1003,2.5
POA4467,197,45,723,840,2.4
POA4468,255,48,390,972,2.2
POA4470,3574,38,1083,1176,2.4
POA4472,1426,48,863,938,2.2
POA4474,93,46,0,840,1.9
POA4475,0,0,0,0,0
POA4477,468,44,433,812,2.3
POA4478,476,44,743,1058,2.4
POA4479,16,49,0,1124,2
POA4480,751,39,763,1125,2.3
POA4481,121,45,288,1593,2
POA4482,140,31,0,1437,2.6
POA4486,703,45,700,1129,2.3
POA4487,3098,38,1233,1290,2.5
POA4488,250,46,379,871,2.2
POA4489,99,52,0,900,2.4
POA4490,1422,44,542,849,2.2
POA4491,95,54,0,1107,1.9
POA4492,306,38,715,1383,2.1
POA4493,23,58,0,1062,1.3
POA4494,151,30,0,1213,2.5
POA4496,266,37,510,1176,2.5
POA4497,327,41,1378,1399,2.6
POA4498,217,35,180,1437,2.7
POA4500,42401,34,1820,1683,2.9
POA4501,5658,36,1619,1190,2.5
POA4502,8674,36,1733,1599,2.7
POA4503,43651,33,1733,1478,2.7
POA4504,18573,32,1950,1874,3.2
POA4505,20452,40,1800,1435,2.8
POA4506,21810,32,1650,1328,2.9
POA4507,18142,59,1600,860,2.1
POA4508,19850,37,1538,1111,2.7
POA4509,30105,31,2058,1840,3
POA4510,48304,36,1582,1114,2.6
POA4511,9095,47,1706,1066,2.5
POA4512,3442,41,2000,1742,3
POA4514,7404,40,1733,1301,2.7
POA4515,4064,42,1500,1142,2.5
POA4516,3963,39,1842,1816,3.3
POA4517,763,44,1884,1255,2.5
POA4518,5065,42,1777,1389,2.7
POA4519,8426,41,1733,1259,2.7
POA4520,13196,43,2373,2306,3.1
POA4521,4730,43,2058,1837,2.8
POA4550,4257,42,1647,1245,2.6
POA4551,56733,44,1885,1201,2.4
POA4552,8432,54,1560,1022,2.3
POA4553,5891,41,1950,1559,2.9
POA4554,1947,42,1733,1423,2.9
POA4555,6925,43,1733,1391,2.8
POA4556,43340,42,1950,1384,2.6
POA4557,18985,36,1950,1410,2.5
POA4558,19163,45,1647,1093,2.1
POA4559,6321,43,1733,1372,2.8
POA4560,31710,43,1650,1158,2.5
POA4561,7212,42,1777,1422,2.8
POA4562,8035,45,1800,1449,2.8
POA4563,8478,47,1650,1198,2.5
POA4564,10591,44,1733,1269,2.4
POA4565,14500,49,1700,1058,2.4
POA4566,8124,53,1820,1152,2.2
POA4567,11016,47,1900,1373,2.3
POA4568,3554,46,1517,1153,2.5
POA4569,1624,45,1378,1060,2.5
POA4570,42420,45,1300,974,2.4
POA4571,809,49,1300,943,2.4
POA4572,3958,45,1829,1377,2.1
POA4573,26275,41,1900,1378,2.6
POA4574,1298,50,1400,1009,2.3
POA4575,23777,42,2000,1361,2.5
POA4580,4879,60,1127,726,2
POA4581,1525,49,1437,908,2.1
POA4600,893,50,1083,759,2.2
POA4601,1167,47,1092,833,2.3
POA4605,4843,37,997,901,2.7
POA4606,2446,49,1127,900,2.3
POA4608,909,49,1196,907,2.4
POA4610,14840,40,1300,1083,2.4
POA4611,118,40,874,900,2.7
POA4612,257,53,921,725,2.1
POA4613,861,51,864,736,2.2
POA4614,1182,52,999,758,2.1
POA4615,7052,49,1083,808,2.3
POA4620,400,55,782,781,2.2
POA4621,1783,53,923,754,2.2
POA4625,2760,45,1083,1005,2.4
POA4626,2208,41,1121,1085,2.4
POA4627,877,45,1083,845,2.3
POA4630,2401,48,1083,882,2.2
POA4650,33891,46,1213,914,2.3
POA4655,59539,48,1500,929,2.3
POA4659,4794,58,1244,771,2.1
POA4660,7145,54,1170,836,2.3
POA4662,791,43,1213,828,2.5
POA4670,79606,44,1387,1003,2.4
POA4671,6061,50,997,784,2.3
POA4673,652,51,1170,890,2.5
POA4674,1451,53,960,740,2.2
POA4676,160,55,1052,754,2.2
POA4677,3549,46,1600,964,2.3
POA4678,856,51,1733,1082,2.3
POA4680,54166,34,2000,1716,2.6
POA4694,189,41,1517,1187,2.6
POA4695,1121,42,1733,1262,2.5
POA4697,146,45,1820,1196,2.3
POA4699,455,42,1667,1205,2.8
POA4700,17437,39,1414,1188,2.3
POA4701,42762,36,1517,1282,2.5
POA4702,28609,36,1733,1344,2.7
POA4703,22530,43,1896,1272,2.5
POA4704,132,43,1328,1042,2.1
POA4705,354,42,2174,1375,2.4
POA4706,105,52,561,724,1.6
POA4707,245,55,1000,809,2
POA4709,1129,30,0,3528,3.3
POA4710,4846,43,1810,1065,2.4
POA4711,1851,40,1965,2026,3.2
POA4712,278,44,689,1172,2.3
POA4713,962,23,0,740,3.5
POA4714,2941,50,880,753,2.1
POA4715,7127,34,1600,1830,2.7
POA4716,887,41,1517,1432,2.5
POA4717,4749,30,1520,2184,2.7
POA4718,2375,34,1400,1772,2.5
POA4719,1007,42,1083,1131,2.2
POA4720,14394,31,2000,1895,2.8
POA4721,3717,34,1550,1523,2.6
POA4722,1816,38,1300,1661,2.7
POA4723,1424,33,1733,1680,2.7
POA4724,579,39,950,1205,2.4
POA4725,1539,43,1170,1236,2.2
POA4726,411,37,400,1031,2.4
POA4727,259,43,895,1166,2.2
POA4728,201,43,700,844,2.4
POA4730,3230,39,1300,1317,2.3
POA4731,218,47,523,766,2
POA4732,134,48,628,833,2
POA4733,183,48,0,1042,2.4
POA4735,967,46,1040,1084,2
POA4736,106,44,425,1162,2
POA4737,8137,41,1820,1367,2.6
POA4738,1180,45,1733,1344,2.6
POA4739,333,49,1200,949,2.3
POA4740,80089,37,1950,1442,2.5
POA4741,7079,43,1863,1348,2.6
POA4742,1140,37,1792,1658,2.3
POA4743,620,31,1590,2477,2.9
POA4744,8735,30,1733,2421,2.8
POA4745,2991,31,834,2152,2.7
POA4746,1935,30,230,2405,3
POA4750,5747,34,2080,1727,2.8
POA4751,4501,37,1960,1728,2.7
POA4753,4282,31,2167,1952,3
POA4754,2246,36,1860,1509,2.7
POA4756,609,46,1509,966,2.2
POA4757,347,49,1640,861,2.4
POA4798,688,47,1628,1169,2.3
POA4799,1058,47,1500,870,2.3
POA4800,9324,43,1690,1276,2.5
POA4801,264,29,0,0,0
POA4802,9832,36,1820,1347,2.4
POA4803,1867,28,2134,1681,1.9
POA4804,1730,44,1200,1003,2.2
POA4805,10828,42,1700,1090,2.4
POA4806,3874,46,1200,1134,2.4
POA4807,11038,43,1330,1180,2.4
POA4808,1113,45,1300,1267,2.4
POA4809,1001,45,1148,1200,2.3
POA4810,21836,39,1733,1357,2
POA4811,13142,34,1690,1512,2.6
POA4812,18804,38,1560,1114,2.2
POA4814,46124,32,1700,1488,2.7
POA4815,21032,33,1582,1283,2.8
POA4816,9270,42,1600,1107,2.7
POA4817,30413,34,1733,1588,2.8
POA4818,28218,31,1950,1677,2.8
POA4819,2335,54,1387,851,1.9
POA4820,10843,39,1317,1076,2.5
POA4821,1320,43,867,1140,2.3
POA4822,791,35,710,1183,2.3
POA4823,925,41,669,1168,2.4
POA4824,2769,35,1510,1700,2.5
POA4825,19246,31,1885,2114,2.7
POA4828,208,36,0,1107,2.1
POA4829,465,37,867,1375,2.4
POA4830,1714,24,0,1069,4.1
POA4849,1372,56,1300,834,2
POA4850,10918,50,1300,1039,2.3
POA4852,3686,46,1517,1063,2.2
POA4854,5481,42,1300,1173,2.5
POA4855,766,47,1146,1029,2.2
POA4856,706,47,1150,971,2.5
POA4858,1487,42,1487,1233,2.5
POA4859,463,47,987,1066,2.2
POA4860,11296,42,1300,1051,2.4
POA4861,1453,46,1224,910,2.2
POA4865,8119,37,1733,1409,2.8
POA4868,22063,37,1564,1350,2.6
POA4869,19010,31,1634,1433,2.9
POA4870,71009,37,1678,1275,2.4
POA4871,10978,41,1300,1071,2.7
POA4872,3902,48,1463,1013,2.4
POA4873,6458,44,1517,1078,2.3
POA4874,5240,30,2200,2174,3
POA4875,8101,26,1705,1232,3.5
POA4876,2827,22,326,1154,3.7
POA4877,5141,42,1733,1274,2.2
POA4878,13486,39,1690,1324,2.3
POA4879,19447,40,1760,1470,2.5
POA4880,13295,40,1500,1054,2.5
POA4881,4496,45,1647,1125,2.5
POA4882,2718,45,1600,1196,2.5
POA4883,8428,45,1473,993,2.3
POA4884,1870,48,1517,1097,2.4
POA4885,3803,49,1300,1019,2.4
POA4886,846,50,1279,842,2.2
POA4887,2038,50,1083,797,2.3
POA4888,3097,48,1127,777,2.3
POA4890,1282,31,927,1465,3
POA4891,531,52,1000,1125,1.9
POA4892,5614,28,684,975,3.5
POA4895,4453,40,1255,946,2.5
POA5000,15115,29,1733,1093,1.9
POA5005,0,0,0,0,0
POA5006,6950,37,1950,1693,1.9
POA5007,7084,36,1645,1270,2.1
POA5008,13681,38,1600,1109,2.4
POA5009,5030,40,1600,1203,2.4
POA5010,5853,37,1517,974,2.6
POA5011,11712,36,1733,1326,2.4
POA5012,11170,34,1517,970,2.7
POA5013,9985,40,1387,982,2.4
POA5014,11767,42,1543,1085,2.2
POA5015,5697,41,1500,1134,2.1
POA5016,8851,43,1668,1306,2.3
POA5017,5025,41,1446,917,2.3
POA5018,5567,49,1700,1388,2.4
POA5019,9122,45,1733,1235,2.2
POA5020,3112,48,1733,1498,2.5
POA5021,5787,54,1863,1293,2.2
POA5022,15743,44,1868,1488,2.3
POA5023,16572,40,1600,1051,2.3
POA5024,13846,45,1800,1345,2.4
POA5025,8256,43,1798,1324,2.5
POA5031,9933,36,1733,1279,2.3
POA5032,12710,39,1660,1260,2.4
POA5033,8373,36,1647,1137,2.2
POA5034,10042,39,2000,1692,2.4
POA5035,6103,37,1600,1260,2.2
POA5037,10786,37,1672,1198,2.3
POA5038,15262,36,1600,1182,2.2
POA5039,8851,37,1798,1194,2.4
POA5040,2504,45,2000,1257,2.4
POA5041,13391,41,1858,1636,2.6
POA5042,10837,35,1600,1134,2.4
POA5043,18780,39,1600,1016,2.2
POA5044,10875,45,1800,1399,2.2
POA5045,15589,44,1777,1367,2.1
POA5046,9086,41,1625,1159,2.2
POA5047,8263,38,1638,1168,2.3
POA5048,14225,46,1733,1290,2.3
POA5049,9764,44,1763,1502,2.5
POA5050,5602,46,1707,1512,2.5
POA5051,14074,41,1842,1837,2.7
POA5052,6369,45,1831,1829,2.6
POA5061,9695,42,2167,1931,2.4
POA5062,14917,43,2000,1769,2.5
POA5063,12308,40,1937,1579,2.3
POA5064,9855,46,2167,1799,2.5
POA5065,10202,44,2000,1498,2.4
POA5066,11718,44,2100,2070,2.7
POA5067,10144,39,1950,1510,2.1
POA5068,12184,43,1950,1349,2.3
POA5069,8292,40,2000,1599,2.4
POA5070,14270,41,1733,1174,2.2
POA5072,12666,41,1806,1394,2.5
POA5073,15238,41,1733,1267,2.5
POA5074,12943,41,1600,1124,2.4
POA5075,10630,42,1560,1272,2.5
POA5076,9173,43,1647,1632,2.7
POA5081,9279,43,2000,1675,2.3
POA5082,14930,37,1907,1571,2.5
POA5083,7489,37,1733,1363,2.4
POA5084,10057,34,1493,915,2.6
POA5085,19974,34,1700,1296,2.5
POA5086,16141,36,1593,1214,2.4
POA5087,11378,36,1647,1179,2.3
POA5088,3296,38,1421,1075,2.3
POA5089,6586,42,1602,1705,2.7
POA5090,7887,47,1500,1081,2.3
POA5091,7505,42,1560,1439,2.6
POA5092,17569,39,1452,1284,2.5
POA5093,9012,40,1430,1171,2.5
POA5094,900,40,1269,1022,2.7
POA5095,20525,33,1625,1412,2.6
POA5096,13387,37,1300,1214,2.6
POA5097,13565,41,1500,1332,2.5
POA5098,12321,41,1408,1116,2.5
POA5106,201,38,0,471,1.2
POA5107,17097,35,1387,1142,2.8
POA5108,40609,34,1300,1028,2.6
POA5109,20856,39,1343,1120,2.5
POA5110,8956,34,1471,1191,2.8
POA5111,272,22,0,0,0
POA5112,19421,38,1170,836,2.4
POA5113,18890,33,1000,764,2.4
POA5114,33959,31,1386,1252,2.8
POA5115,10390,28,1400,1208,2.7
POA5116,9455,37,1430,1082,2.4
POA5117,2923,37,1790,1799,3.2
POA5118,18411,42,1500,1269,2.5
POA5120,1977,39,1779,1237,2.8
POA5121,1673,44,1473,1088,2.5
POA5125,19218,40,1625,1570,2.6
POA5126,7180,38,1517,1490,2.6
POA5127,7763,41,1519,1490,2.6
POA5131,980,47,1733,1680,2.9
POA5132,426,45,1950,1952,2.8
POA5133,390,46,1900,1906,3
POA5134,431,46,2000,1421,2.7
POA5136,532,43,1733,1607,2.8
POA5137,579,45,1950,1818,2.9
POA5138,294,46,1863,1888,2.6
POA5139,236,48,1733,1542,2.4
POA5140,421,38,2019,2208,2.8
POA5141,681,43,1916,1862,2.8
POA5142,575,44,1833,1653,2.6
POA5144,414,51,2000,1625,2.5
POA5150,61,54,2246,2125,2.7
POA5151,369,44,2167,2109,2.8
POA5152,6132,45,2000,1968,2.6
POA5153,6428,44,1733,1685,2.7
POA5154,3361,45,2000,2103,2.8
POA5155,3824,41,1660,1727,2.6
POA5156,951,43,1733,1818,2.7
POA5157,2914,47,1625,1729,2.7
POA5158,24735,39,1582,1593,2.7
POA5159,32934,41,1561,1540,2.7
POA5160,29,47,0,466,2
POA5161,10154,39,1365,1162,2.4
POA5162,34294,39,1338,1113,2.4
POA5163,14125,40,1300,1014,2.5
POA5164,5289,39,1200,770,2.2
POA5165,5383,40,1348,957,2.2
POA5166,1879,43,1179,891,2.2
POA5167,5705,43,1517,1172,2.4
POA5168,5499,37,1374,1050,2.4
POA5169,17084,35,1599,1232,2.6
POA5170,1152,44,1394,1152,2.4
POA5171,5923,47,1625,1315,2.5
POA5172,3932,44,1625,1439,2.6
POA5173,12769,36,1431,1090,2.5
POA5174,2917,39,1404,1117,2.5
POA5201,1944,42,1590,1478,2.6
POA5202,868,43,1500,1269,2.5
POA5203,1268,53,1200,909,2.3
POA5204,2824,58,1083,840,2
POA5210,1718,41,1647,1317,2.7
POA5211,15276,57,1300,846,2.1
POA5212,2102,60,1200,869,2.1
POA5213,1156,47,1404,1122,2.3
POA5214,8397,58,1200,813,2.1
POA5220,149,36,972,1093,2.1
POA5221,288,57,867,762,2.1
POA5222,629,54,1083,877,1.9
POA5223,3642,47,1083,973,2.2
POA5231,1227,45,1767,1724,2.7
POA5232,421,48,1500,2026,2.8
POA5233,1474,46,1625,1419,2.6
POA5234,1298,42,1630,1371,2.6
POA5235,2475,48,1300,1123,2.3
POA5236,302,47,1300,1125,2.3
POA5237,357,44,1083,881,2.3
POA5238,4084,53,1040,804,2.1
POA5240,485,46,1400,1483,2.6
POA5241,2527,42,1408,1275,2.6
POA5242,1621,44,1710,1561,2.6
POA5243,832,47,1950,1617,2.5
POA5244,4263,43,1541,1394,2.6
POA5245,3084,49,1733,1488,2.5
POA5250,3523,39,1733,1787,2.8
POA5251,14623,38,1638,1315,2.5
POA5252,6516,35,1517,1476,2.7
POA5253,18489,40,1170,945,2.4
POA5254,2387,43,1200,1255,2.6
POA5255,9248,45,1517,1189,2.5
POA5256,1355,53,1083,824,2.1
POA5259,1110,47,1083,1012,2.4
POA5260,1755,48,867,798,2.2
POA5261,368,43,800,1055,2.4
POA5262,412,43,867,1221,2.4
POA5263,137,48,1000,1678,2.3
POA5264,1250,52,1000,902,2.2
POA5265,431,42,687,956,2.3
POA5266,624,38,997,1279,2.4
POA5267,1959,41,867,1174,2.4
POA5268,3544,42,1000,1149,2.4
POA5269,258,46,737,890,2.6
POA5270,608,44,1200,1364,2.6
POA5271,7428,41,1083,1197,2.4
POA5272,794,45,780,1262,2.3
POA5273,111,39,1000,1187,2.4
POA5275,2412,50,1040,967,2.2
POA5276,1181,52,1300,1034,2
POA5277,2914,44,867,1077,2.3
POA5278,521,45,672,968,2.5
POA5279,527,45,520,963,2.4
POA5280,7370,47,1000,981,2.3
POA5290,25512,40,1152,1034,2.3
POA5291,9171,42,1362,1454,2.7
POA5301,574,47,542,988,2.4
POA5302,852,48,823,1190,2.3
POA5303,211,38,759,1399,2.8
POA5304,770,45,650,1125,2.2
POA5306,76,46,1000,833,2.2
POA5307,573,52,686,794,2.3
POA5308,145,43,392,1218,2.6
POA5309,157,47,734,817,2.2
POA5310,62,47,779,914,2.1
POA5311,418,45,563,1125,2.6
POA5320,652,57,867,709,1.9
POA5321,548,46,709,809,2
POA5322,1000,48,867,1059,2.3
POA5330,3368,47,953,927,2.3
POA5331,317,48,1083,1028,2.5
POA5332,403,48,780,1007,2.2
POA5333,5809,45,1083,1040,2.3
POA5340,1432,44,1109,1095,2.3
POA5341,7665,43,1081,1003,2.4
POA5342,1124,45,1129,1180,2.5
POA5343,4846,43,1083,923,2.2
POA5344,984,45,1083,1177,2.5
POA5345,3582,48,1100,909,2.2
POA5346,380,45,833,1257,2.5
POA5350,476,43,1600,1678,2.8
POA5351,5864,41,1517,1466,2.7
POA5352,5216,46,1454,1275,2.3
POA5353,3775,45,1300,1186,2.4
POA5354,367,54,650,732,1.9
POA5355,7594,42,1430,1211,2.4
POA5356,810,43,1111,1208,2.6
POA5357,419,52,867,759,2
POA5360,1118,40,1408,1564,2.8
POA5371,1268,37,1582,1712,3
POA5372,2214,35,1365,1452,2.8
POA5373,3427,45,1200,1057,2.3
POA5374,1480,47,990,908,2.3
POA5381,384,52,450,764,2.2
POA5400,877,33,1509,1429,2.7
POA5401,847,45,1018,1151,2.5
POA5410,317,45,1300,1050,2.4
POA5411,324,41,975,1125,2.6
POA5412,1207,54,1083,958,2.1
POA5413,831,50,819,900,2.3
POA5414,149,51,730,779,1.9
POA5415,222,53,1400,1137,2.3
POA5416,248,42,997,887,2.6
POA5417,1486,50,823,920,2.2
POA5418,114,45,581,758,1.9
POA5419,223,48,497,933,2.4
POA5420,83,46,679,1218,2.6
POA5421,139,48,650,725,1.9
POA5422,1686,53,563,710,2
POA5431,906,52,820,978,2.2
POA5432,137,55,592,1399,2.3
POA5433,1256,51,1000,910,2.1
POA5434,456,46,693,1117,2.1
POA5440,263,43,200,1264,2.1
POA5451,695,52,1300,1094,2.1
POA5452,442,44,1408,1464,2.6
POA5453,4938,44,1333,1228,2.3
POA5454,398,46,780,1035,2.4
POA5455,58,32,0,1437,2.9
POA5460,746,43,1083,1157,2.5
POA5461,2553,45,953,1016,2.3
POA5462,518,35,1083,1152,2.6
POA5464,634,42,780,1134,2.6
POA5470,140,52,477,922,2
POA5471,88,47,390,1062,2.4
POA5472,168,50,459,819,2.2
POA5473,755,48,626,841,2.3
POA5480,773,50,964,1004,2.2
POA5481,562,55,693,868,2.2
POA5482,516,52,858,1035,2.2
POA5483,347,47,1029,1059,2.3
POA5485,581,51,1083,1033,2.4
POA5490,172,50,580,937,2.3
POA5491,1816,47,1083,1170,2.2
POA5493,91,51,700,754,2
POA5495,595,56,1062,783,2
POA5501,7323,41,1500,1326,2.7
POA5502,1540,42,1257,1346,2.6
POA5510,113,48,758,1107,2
POA5520,589,49,650,792,2.1
POA5521,148,50,597,725,2.3
POA5522,1421,60,1159,788,1.9
POA5523,1935,47,1056,1013,2.4
POA5540,15343,43,1018,893,2.3
POA5550,916,40,867,987,2.3
POA5552,381,42,672,1057,2.6
POA5554,5233,43,1155,974,2.3
POA5555,502,53,700,913,2.3
POA5556,4039,53,1196,812,2.1
POA5558,4830,55,1162,853,2.1
POA5560,471,45,867,806,2.3
POA5570,544,60,823,751,1.8
POA5571,1850,58,1083,794,2
POA5572,148,47,867,1125,2.1
POA5573,2041,51,975,965,2.2
POA5575,2332,54,1083,838,2.1
POA5576,1070,51,962,835,2.2
POA5577,528,52,800,779,2.1
POA5580,346,52,737,887,2.2
POA5581,542,64,1083,791,1.9
POA5582,648,60,1083,863,2
POA5583,785,60,1000,773,2
POA5600,6202,44,1495,1349,2.2
POA5601,469,51,1507,855,2.1
POA5602,1341,48,1181,1051,2.3
POA5603,446,44,875,1095,2.4
POA5604,194,58,1239,900,1.9
POA5605,1690,54,1170,877,2
POA5606,14128,40,1300,1082,2.3
POA5607,4919,43,1491,1238,2.5
POA5608,13357,39,1083,809,2.2
POA5609,1950,32,1829,1655,2.6
POA5630,136,40,719,1333,2.9
POA5631,1046,41,1083,1221,2.5
POA5632,250,33,697,1888,3
POA5633,321,43,260,1078,2.4
POA5640,1017,47,867,1071,2.1
POA5641,1023,41,813,1225,2.4
POA5642,251,40,0,1107,2.6
POA5650,175,38,0,1208,2.4
POA5651,79,43,956,1875,2.2
POA5652,728,38,867,1187,2.4
POA5653,79,44,813,1625,2.5
POA5654,241,47,607,880,2
POA5655,100,34,563,1050,2.2
POA5660,45,32,0,1437,2
POA5661,146,39,338,1171,2.4
POA5670,482,48,1185,886,2.2
POA5671,163,46,705,914,1.9
POA5680,2117,48,1277,1079,2.3
POA5690,3656,38,1281,1239,2.5
POA5700,11136,41,1170,1051,2.3
POA5701,8,50,0,899,0
POA5710,2673,35,1500,1465,2.6
POA5713,18,26,0,0,0
POA5715,42,34,0,1125,2.9
POA5717,19,31,0,1062,1
POA5719,41,47,0,1042,1.2
POA5720,195,48,0,1488,1.6
POA5722,316,53,929,708,1.8
POA5723,2059,44,556,841,1.9
POA5724,433,34,0,959,2.5
POA5725,3888,30,2000,2477,2.7
POA5730,94,50,0,737,1.9
POA5731,499,39,0,1428,2.4
POA5732,211,43,0,762,2
POA5733,229,40,0,833,2.3
POA5734,167,31,0,468,2.1
POA5950,0,0,0,0,0
POA5960,5,0,0,0,0
POA6000,11425,32,2167,1827,1.9
POA6003,3509,32,2041,1765,1.9
POA6004,10596,33,2167,1868,1.9
POA6005,5624,33,2000,1736,1.8
POA6006,8744,37,2400,2074,2.4
POA6007,7130,34,2383,2163,2.2
POA6008,15144,39,2500,2107,2.2
POA6009,18534,34,3300,2306,2.7
POA6010,16825,43,2817,2170,2.5
POA6011,9007,42,3225,2782,2.5
POA6012,8757,40,2700,1864,2.4
POA6014,20604,37,2500,2021,2.6
POA6015,6609,45,3033,2925,2.9
POA6016,10035,34,2167,1957,2.5
POA6017,4120,33,1733,1207,2
POA6018,38004,38,2339,1942,2.5
POA6019,21787,35,2210,1941,2.3
POA6020,20791,44,2210,2138,2.7
POA6021,20058,39,2000,1570,2.5
POA6022,4982,40,2000,1614,2.6
POA6023,15268,41,2167,2142,2.8
POA6024,13347,40,2000,1662,2.6
POA6025,30031,39,2031,1881,2.7
POA6026,22337,43,2000,1986,2.8
POA6027,41677,38,2000,1822,2.7
POA6028,22440,37,2167,2289,3.1
POA6029,2794,42,2650,2230,2.7
POA6030,39386,34,2000,1629,2.8
POA6031,16624,30,2123,1902,3.1
POA6032,195,43,2342,1833,2.6
POA6033,442,42,2084,1875,3.2
POA6034,1680,27,2363,1982,2.7
POA6035,8868,34,2050,1511,2.8
POA6036,15796,29,2136,1715,2.9
POA6037,2990,39,2000,1276,2.6
POA6038,6269,28,2249,1942,2.8
POA6041,1514,48,2000,1093,2.5
POA6042,78,64,826,687,1.7
POA6043,244,53,1500,843,2.1
POA6044,1233,52,1674,959,2.2
POA6050,15380,39,2300,1894,2.3
POA6051,12577,34,1950,1449,2
POA6052,11113,37,2167,1805,2.4
POA6053,14432,38,2100,1705,2.4
POA6054,20378,38,1733,1415,2.5
POA6055,21034,32,2167,1902,2.7
POA6056,39167,39,1744,1357,2.5
POA6057,16806,37,1953,1635,2.7
POA6058,12690,37,1858,1459,2.6
POA6059,23486,41,2000,1477,2.5
POA6060,23393,36,1950,1420,2.1
POA6061,38563,32,1733,1225,2.5
POA6062,32670,39,1950,1432,2.6
POA6063,14359,34,1800,1481,3
POA6064,31325,35,1733,1296,2.9
POA6065,61998,33,2167,1920,2.9
POA6066,18704,35,1780,1588,3
POA6067,36,28,0,0,0
POA6068,7,65,0,1374,1.5
POA6069,39391,31,2167,1849,3
POA6070,3656,44,2167,1988,2.8
POA6071,3400,45,2064,1866,2.7
POA6072,900,46,2000,1937,2.7
POA6073,3041,47,2000,1387,2.5
POA6074,991,44,1975,1767,2.7
POA6076,21948,45,2107,1699,2.6
POA6077,1428,49,2600,1629,2.8
POA6078,934,44,2167,1991,3
POA6079,30,64,0,1124,1.8
POA6081,4756,42,2000,1912,2.9
POA6082,3221,40,2100,1777,2.8
POA6083,3512,45,2002,1867,2.8
POA6084,8240,40,2123,1806,2.9
POA6090,6,47,0,0,0
POA6100,14480,34,2045,1679,2.2
POA6101,16551,33,2050,1616,2.3
POA6102,13688,31,1950,1050,2.4
POA6103,10366,32,2000,1456,2.2
POA6104,14321,36,2000,1511,2.4
POA6105,14997,34,1850,1349,2.5
POA6106,19,37,0,0,0
POA6107,43605,32,1950,1469,2.8
POA6108,23153,37,1733,1449,2.8
POA6109,12122,35,1649,1199,2.7
POA6110,40858,34,1842,1452,2.8
POA6111,23068,39,1733,1390,2.6
POA6112,56554,32,1989,1552,2.8
POA6121,2963,41,2383,2222,3.2
POA6122,17410,30,2100,1880,3
POA6123,1551,36,2000,1562,2.8
POA6124,1192,42,1950,1719,2.7
POA6125,3135,44,2167,1675,2.8
POA6126,626,43,1495,1318,2.3
POA6147,15138,35,1700,1352,2.7
POA6148,17814,41,2000,1596,2.7
POA6149,18476,42,2000,1950,2.8
POA6150,13146,42,2167,1968,2.9
POA6151,16576,38,2300,1952,2.3
POA6152,25463,36,2167,1662,2.3
POA6153,19865,42,2537,2055,2.6
POA6154,10028,41,2347,1721,2.5
POA6155,51244,36,2037,2007,3.1
POA6156,16897,39,2200,1795,2.6
POA6157,13525,41,2167,1635,2.3
POA6158,7376,43,2500,2051,2.5
POA6159,3340,45,2538,2173,2.1
POA6160,8211,41,2167,1548,2.1
POA6161,334,34,0,1949,1.8
POA6162,11023,42,2167,1533,2.3
POA6163,50359,40,1950,1424,2.4
POA6164,57214,32,2145,1987,2.9
POA6165,84,48,1700,1812,2.3
POA6166,9509,41,2200,1864,2.7
POA6167,26444,33,1725,1335,2.6
POA6168,24027,44,1580,1082,2.2
POA6169,34667,39,1733,1360,2.6
POA6170,12393,30,2020,1762,2.9
POA6171,31653,29,2167,1928,2.9
POA6172,13777,33,1861,1718,3
POA6173,12073,31,2167,2238,3.3
POA6174,3785,31,1983,1697,2.8
POA6175,3752,32,2061,1853,3
POA6176,1371,30,2115,1802,2.9
POA6180,5408,31,1950,1596,2.9
POA6181,485,40,2383,2386,3.3
POA6182,7,21,0,0,0
POA6207,1047,40,2167,1676,2.8
POA6208,11838,43,1820,1182,2.5
POA6209,1954,49,1833,1005,2.4
POA6210,68316,44,1777,1127,2.4
POA6211,7088,43,2000,1283,2.6
POA6213,717,47,1602,1390,2.4
POA6214,613,42,1791,1470,2.6
POA6215,4148,45,1636,1218,2.5
POA6218,395,44,1300,927,2.5
POA6220,4675,43,1729,1213,2.5
POA6221,425,19,1842,1270,2.5
POA6223,217,38,2167,1194,2.6
POA6224,1151,44,1517,1218,2.6
POA6225,9105,42,1517,1173,2.4
POA6226,845,39,2167,2090,3
POA6227,800,35,2000,1732,2.9
POA6228,176,40,1950,1437,2.5
POA6229,193,52,2045,890,2
POA6230,43134,39,1733,1326,2.4
POA6232,10886,36,1800,1527,2.6
POA6233,18844,36,1866,1665,2.7
POA6236,2052,45,2000,1710,2.7
POA6237,2482,44,1950,1677,2.7
POA6239,4408,45,1603,1214,2.5
POA6240,116,54,1300,1100,2.2
POA6243,56,50,1489,1125,2.4
POA6244,1457,49,1300,1068,2.3
POA6251,385,45,1325,1066,2.1
POA6252,152,51,1645,682,2.2
POA6253,618,56,1225,994,2.1
POA6254,502,47,1050,900,2.1
POA6255,3916,50,1517,1010,2.3
POA6256,381,48,1733,1519,2.5
POA6258,6568,43,1300,1166,2.4
POA6260,1431,46,1283,1135,2.4
POA6262,744,50,1125,863,2.2
POA6271,3314,41,1647,1325,2.5
POA6275,1347,52,1430,948,2.2
POA6280,28166,43,1800,1220,2.5
POA6281,7203,39,2000,1636,2.6
POA6282,1330,45,2000,1583,2.5
POA6284,2249,37,2000,1532,2.7
POA6285,9177,37,1733,1349,2.6
POA6286,603,47,1559,1303,2.2
POA6288,555,43,1703,1265,2.4
POA6290,1680,58,1458,860,2
POA6302,3623,51,1500,1026,2.2
POA6304,1724,53,1151,989,2.2
POA6306,1025,47,1083,1133,2.3
POA6308,1593,49,1200,1016,2.3
POA6309,275,52,1000,933,2.1
POA6311,589,43,1300,1162,2.3
POA6312,4884,40,1213,1224,2.4
POA6313,294,46,1083,1216,2.4
POA6315,1988,49,1000,985,2.2
POA6316,344,45,832,1166,2.3
POA6317,4183,40,1133,1210,2.5
POA6318,525,41,900,1316,2.5
POA6320,618,37,726,1187,2.7
POA6321,496,46,737,949,2.5
POA6322,224,53,993,936,2.2
POA6323,989,51,1229,921,2.2
POA6324,3519,45,1233,1058,2.4
POA6326,492,46,1300,1201,2.5
POA6327,273,44,1517,1300,2.7
POA6328,427,44,806,1220,2.5
POA6330,35869,43,1603,1208,2.4
POA6333,5845,49,1573,1013,2.3
POA6335,775,37,812,1292,2.5
POA6336,330,42,467,1180,2.3
POA6337,546,35,965,1464,2.6
POA6338,676,48,864,1212,2.2
POA6341,296,41,750,1242,2.4
POA6343,264,38,0,1420,2.6
POA6346,738,43,1000,1312,2.3
POA6348,871,49,1300,1045,2.1
POA6350,302,49,504,944,2
POA6351,85,34,0,1375,3.1
POA6352,187,40,648,1160,2
POA6353,785,41,1170,1410,2.4
POA6355,438,39,430,1476,2.4
POA6356,125,41,290,1458,2.2
POA6357,76,41,0,1156,2.5
POA6358,93,47,542,1625,1.8
POA6359,437,41,1100,1368,2.4
POA6361,109,43,0,1656,2.5
POA6363,105,41,379,1125,2.6
POA6365,531,46,672,1230,2.1
POA6367,354,46,650,1115,2.2
POA6368,73,36,0,1199,2.4
POA6369,671,47,650,1187,2.2
POA6370,458,43,867,1080,2.3
POA6372,115,51,664,819,2.3
POA6373,94,40,0,1854,2.5
POA6375,1001,44,1000,1276,2.2
POA6383,981,53,1021,900,2
POA6384,40,34,0,1375,2.7
POA6385,19,51,0,966,3
POA6386,96,54,407,880,2.2
POA6390,1811,39,1733,1855,2.5
POA6391,1001,43,1262,1437,2.5
POA6392,463,46,893,1187,2.1
POA6393,120,49,0,824,2.4
POA6394,454,44,433,1309,2.5
POA6395,1649,44,1083,1303,2.4
POA6396,367,41,889,1328,2.5
POA6397,98,44,454,706,2.2
POA6398,546,56,1083,875,2
POA6401,8176,40,1300,1150,2.4
POA6403,176,47,1300,1166,2.4
POA6405,319,40,975,1231,2.6
POA6407,1138,36,1000,1331,2.5
POA6409,402,38,867,1273,2.5
POA6410,1051,47,867,954,2.4
POA6411,123,52,1667,1271,2.2
POA6412,56,47,0,1625,2.3
POA6413,47,55,0,900,2
POA6414,64,51,0,1781,2.5
POA6415,3003,36,1127,1325,2.4
POA6418,703,47,860,1138,2.2
POA6419,57,45,0,966,2.2
POA6420,107,42,0,1416,2.3
POA6421,157,43,1257,1166,2.4
POA6422,52,30,0,2250,2.6
POA6423,216,45,1019,1275,1.9
POA6424,79,49,0,1208,2.5
POA6425,85,50,0,1542,2.2
POA6426,846,45,800,1218,2.1
POA6427,94,37,0,0,0
POA6428,54,36,493,1312,3.3
POA6429,992,41,917,1091,2.3
POA6430,22746,32,1950,2186,2.7
POA6431,1012,33,0,1227,3.8
POA6432,7092,33,1517,1772,2.5
POA6434,174,36,0,949,2.3
POA6436,107,40,0,1104,1.9
POA6437,584,34,0,2191,2.6
POA6438,831,36,867,1287,2.3
POA6440,1153,36,679,1111,2.6
POA6442,2542,32,1200,2037,2.6
POA6443,854,46,604,789,1.9
POA6445,203,40,337,1292,3
POA6446,133,34,0,1792,2.9
POA6447,183,34,0,2250,2.4
POA6448,449,32,1538,1410,2.8
POA6450,13397,40,1721,1349,2.5
POA6452,5,37,0,0,0
POA6460,752,45,1083,1020,2.2
POA6461,533,44,867,1109,2.3
POA6462,128,39,1367,1166,2.5
POA6463,20,62,0,1812,2
POA6465,28,52,0,1087,1.4
POA6466,67,53,0,1031,1.9
POA6467,32,50,0,1562,1.9
POA6468,250,39,867,1208,2.3
POA6470,18,46,0,1499,2
POA6472,177,42,460,1481,2.5
POA6473,43,43,0,1187,2.8
POA6475,399,47,542,1068,2.3
POA6476,53,47,0,1374,2
POA6477,273,41,510,1116,2.3
POA6479,548,43,600,1402,2.5
POA6480,49,42,1900,2124,2.5
POA6484,96,47,0,424,1.4
POA6485,498,52,607,819,2
POA6487,50,50,0,1333,1.9
POA6488,193,48,585,790,2.3
POA6489,104,55,477,949,1.9
POA6490,257,44,758,1068,2.5
POA6501,968,43,2167,1671,2.8
POA6502,1183,45,1751,1064,2.4
POA6503,2177,43,1700,1307,2.6
POA6504,157,54,2200,939,2.4
POA6505,114,51,1975,1166,2.3
POA6506,59,50,867,1312,1.9
POA6507,536,44,988,1521,2.4
POA6509,205,43,0,1437,2.6
POA6510,1976,42,1124,1361,2.4
POA6511,527,51,1733,1071,2.1
POA6512,97,42,433,1093,2.4
POA6513,218,40,975,1625,2.6
POA6514,648,55,1733,746,2.1
POA6515,284,49,774,1458,2
POA6516,1761,48,1863,1123,2.2
POA6517,405,45,737,1275,2
POA6518,209,47,650,825,2.3
POA6519,594,40,594,1162,2.3
POA6521,352,47,1076,1375,2.3
POA6522,455,42,700,1234,2.3
POA6525,3569,49,1733,1085,2.3
POA6528,405,47,1400,1097,2.4
POA6530,32455,38,1690,1320,2.5
POA6532,6725,38,2000,1619,2.7
POA6535,1596,52,1300,1007,2.3
POA6536,1557,51,1628,902,2.1
POA6537,910,42,1440,1106,2.1
POA6556,2034,42,1912,1677,2.7
POA6558,2642,36,2000,1413,2.6
POA6560,1352,43,1408,1218,2.5
POA6562,1257,45,1800,1368,2.5
POA6564,310,51,1638,1091,2.3
POA6566,3275,52,1517,1107,2.2
POA6567,417,53,1733,1204,2.2
POA6568,226,47,536,1142,2.2
POA6569,272,40,1000,1114,2.2
POA6571,75,42,2084,1375,2.2
POA6572,57,49,0,1124,2.3
POA6574,84,41,0,1687,2.8
POA6575,141,39,0,1781,2.7
POA6603,1111,39,1083,1286,2.3
POA6605,40,34,0,1624,2.9
POA6606,168,47,439,1020,2.1
POA6608,135,44,1083,1166,2.4
POA6609,822,36,999,1549,2.4
POA6612,224,41,867,1221,2.5
POA6613,62,48,663,1343,2.8
POA6614,23,59,0,1458,1.5
POA6616,56,47,1000,1125,2.1
POA6620,498,40,774,1360,2.5
POA6623,674,39,542,1120,2.3
POA6625,49,42,0,1375,2.3
POA6627,69,30,0,1416,2.9
POA6628,34,48,0,725,2
POA6630,622,40,650,1116,2.4
POA6631,30,51,0,1749,1.7
POA6632,69,30,0,1468,3.9
POA6635,344,37,325,1437,2.5
POA6638,482,42,442,1110,2.4
POA6639,89,58,0,1083,1.7
POA6640,196,50,775,875,1.9
POA6642,1067,35,600,1347,2.5
POA6646,742,35,0,1014,3
POA6701,5544,39,1517,1258,2.4
POA6705,278,26,0,966,3
POA6707,2713,37,2167,1657,2.5
POA6710,4002,40,2325,2190,2.3
POA6711,0,0,0,0,0
POA6712,1965,39,0,0,0
POA6713,1104,35,3200,3284,3
POA6714,16829,31,2500,2634,2.8
POA6716,751,33,0,2525,2.7
POA6718,1010,32,1717,980,3.3
POA6720,2528,31,2514,2765,2.9
POA6721,4512,33,3033,3104,2.5
POA6722,9848,30,2600,2422,2.8
POA6725,10795,33,2594,1708,2.7
POA6726,5436,34,2500,1944,2.6
POA6728,5946,30,1733,1299,3
POA6731,3,0,0,0,0
POA6733,0,0,0,0,0
POA6740,1289,30,1060,1112,2.9
POA6743,6232,32,2200,1785,2.6
POA6751,4927,33,737,2443,2.8
POA6753,7238,33,433,2502,2.9
POA6754,1380,32,0,2750,2.9
POA6758,1701,37,0,1042,2.8
POA6760,634,32,1767,1410,3.2
POA6762,875,35,0,1062,4.7
POA6765,1757,29,1900,1155,3.1
POA6770,2904,28,981,1003,3.2
POA7000,13837,37,1733,1450,2.2
POA7001,0,0,0,0,0
POA7004,7481,40,1500,1453,2.2
POA7005,13305,37,1900,1458,2.4
POA7007,3066,40,1733,1527,2.5
POA7008,11981,40,1517,1354,2.2
POA7009,12453,37,1300,1044,2.3
POA7010,16842,41,1300,943,2.2
POA7011,14696,39,1300,1024,2.3
POA7012,838,42,1300,1407,2.7
POA7015,10332,47,1517,1366,2.3
POA7016,2872,34,997,960,2.5
POA7017,5614,41,1517,1516,2.6
POA7018,21027,44,1500,1259,2.3
POA7019,6107,32,1200,964,2.5
POA7020,2472,42,1603,1889,2.9
POA7021,2411,42,1500,1562,2.5
POA7022,880,47,1300,1200,2.3
POA7023,329,55,1517,1055,2.1
POA7024,526,41,1517,1838,2.5
POA7025,1697,47,1517,1434,2.5
POA7026,934,42,1300,1257,2.6
POA7027,294,51,867,784,2.2
POA7030,17404,35,1269,1042,2.6
POA7050,12405,39,1517,1241,2.4
POA7052,7145,42,1517,1443,2.6
POA7053,3574,46,1625,1678,2.6
POA7054,8745,39,1600,1547,2.7
POA7055,428,34,1517,1318,2.6
POA7109,8808,43,1300,1112,2.5
POA7112,3066,47,1140,863,2.3
POA7113,1094,48,1257,1004,2.4
POA7116,2253,47,1083,851,2.3
POA7117,854,54,1000,855,2.1
POA7119,41,38,455,762,3
POA7120,1826,49,867,796,2.2
POA7139,0,0,0,0,0
POA7140,10974,44,1100,962,2.4
POA7150,2837,49,1371,1118,2.4
POA7155,803,52,1473,1192,2.3
POA7162,594,51,1343,1286,2.4
POA7163,330,54,1083,1161,2.3
POA7170,5008,43,1733,1960,2.8
POA7171,3283,40,1387,1237,2.4
POA7172,3650,42,1408,1127,2.4
POA7173,6595,43,1200,1100,2.4
POA7174,183,43,1101,1125,2.1
POA7175,199,44,1096,1024,2.5
POA7176,164,43,1200,1187,2.4
POA7177,406,45,1083,866,2.3
POA7178,309,53,975,794,2.1
POA7179,385,58,800,942,1.9
POA7180,156,57,867,745,2.2
POA7182,264,56,924,773,1.9
POA7183,45,52,455,1083,2.1
POA7184,798,52,867,754,2
POA7185,99,57,575,833,1.7
POA7186,171,55,1383,784,2.3
POA7187,134,59,1208,866,1.8
POA7190,3110,57,1078,841,2
POA7209,401,50,921,821,2.2
POA7210,1040,50,878,767,2.1
POA7211,239,44,737,1050,2.5
POA7212,1931,47,1300,1104,2.5
POA7213,298,45,596,640,2.3
POA7214,611,51,650,717,2
POA7215,3381,53,1052,795,2.1
POA7216,3356,55,988,745,2.1
POA7248,15776,33,1105,843,2.3
POA7249,12774,39,1300,1086,2.2
POA7250,48050,41,1300,1142,2.3
POA7252,2783,47,1300,1260,2.5
POA7253,4925,45,1000,784,2.3
POA7254,487,46,1083,949,2.4
POA7255,833,53,758,1074,2
POA7256,1585,47,1000,1199,2.1
POA7257,66,57,0,537,1.5
POA7258,962,44,1582,1829,2.7
POA7259,459,45,1259,1104,2.4
POA7260,3218,47,1040,849,2.3
POA7261,266,48,667,725,2.2
POA7262,1707,49,1300,957,2.1
POA7263,594,44,801,813,2.3
POA7264,643,51,685,686,2
POA7265,228,50,947,782,1.8
POA7267,768,45,1300,1290,2.6
POA7268,1036,45,1279,1214,2.5
POA7270,4087,53,1010,825,2.2
POA7275,3138,48,1300,1021,2.4
POA7276,567,45,1084,1057,2.3
POA7277,5713,44,1452,1324,2.6
POA7290,2275,38,1300,1217,2.5
POA7291,559,43,1300,1173,2.5
POA7292,606,43,1224,1226,2.5
POA7300,3423,43,1400,1253,2.4
POA7301,4304,47,1300,1018,2.3
POA7302,1668,40,1109,1040,2.5
POA7303,2712,48,1138,921,2.3
POA7304,5939,47,1083,859,2.3
POA7305,1170,47,859,935,2.4
POA7306,3956,47,1200,992,2.4
POA7307,10125,47,1300,1067,2.3
POA7310,27101,43,1200,967,2.3
POA7315,14658,47,1200,956,2.3
POA7316,5889,44,1257,1120,2.4
POA7320,16238,40,1083,964,2.3
POA7321,4672,46,1083,1078,2.5
POA7322,3903,45,1103,922,2.3
POA7325,8586,46,1200,951,2.3
POA7330,6592,39,1083,1105,2.5
POA7331,553,49,1200,1010,2.1
POA7466,17,57,0,612,2
POA7467,1790,45,650,764,2.1
POA7468,708,41,1109,1312,2.2
POA7469,768,45,562,871,2.1
POA7470,708,41,531,1227,2.1
POA0800,6464,32,2167,2264,2
POA0810,33302,34,2167,2107,2.8
POA0812,18873,35,2134,2028,2.8
POA0815,292,25,0,0,0
POA0820,19447,34,2321,2341,2.4
POA0822,25560,29,2095,1294,3.9
POA0828,1201,32,2600,1718,2.6
POA0829,1839,29,2167,1958,2.3
POA0830,18207,31,2167,2035,2.8
POA0832,15570,28,2474,2356,2.9
POA0834,1836,41,2420,2361,2.8
POA0835,5132,41,2500,2253,2.8
POA0836,7756,36,2573,2422,3
POA0837,412,43,2383,1524,2.6
POA0838,818,35,2167,2169,2.9
POA0839,548,28,2232,1611,2.1
POA0840,363,58,1475,620,1.8
POA0841,696,38,2000,1789,2.6
POA0845,507,40,1395,1125,2.3
POA0846,353,47,1300,1017,2.4
POA0847,328,39,1560,945,2.3
POA0850,8138,34,1733,1751,2.7
POA0852,8299,27,1500,1115,3.9
POA0853,857,27,0,2236,3.3
POA0854,871,26,0,1289,3.5
POA0860,2991,33,1216,1570,2.7
POA0862,765,24,1200,1333,3.5
POA0870,19628,34,1950,1963,2.6
POA0872,15469,28,468,1138,3.7
POA0873,2436,43,2383,1462,2.6
POA0874,553,33,2457,2219,2.4
POA0875,2371,32,1950,1807,2.7
POA0880,5214,29,1679,2230,3.4
POA0885,873,33,0,3207,2.8
POA0886,1081,34,0,2127,2.5
POA2600,7247,45,2600,2474,2.3
POA2601,6363,23,2200,2222,1.8
POA2602,30450,36,2167,1930,2.4
POA2603,9359,41,2500,2395,2.3
POA2604,10383,36,2167,2220,2.1
POA2605,11725,43,2383,2273,2.6
POA2606,9422,35,1950,1777,2.2
POA2607,13614,42,2167,2084,2.5
POA2609,887,49,1500,968,1.8
POA2611,28018,38,2167,2124,2.5
POA2612,16184,30,2058,2004,2
POA2614,19390,39,2058,1940,2.5
POA2615,44177,35,2000,1911,2.7
POA2617,32503,32,1950,1907,2.5
POA2618,1445,43,2342,2369,2.9
POA2900,1930,36,1650,1688,2
POA2902,14900,40,1950,1916,2.6
POA2903,9207,39,2000,1985,2.6
POA2904,12863,42,2123,2260,2.7
POA2905,28625,35,2000,2040,2.7
POA2906,17633,35,2000,2103,2.8
POA2911,4466,31,2500,2486,2.8
POA2912,6142,31,2039,2065,2.8
POA2913,35053,32,2037,2149,2.8
POA2914,25204,31,2167,2388,3.1
POA2899,1748,49,1300,1012,2.2
POA6798,1843,38,1717,2141,2.7
POA6799,544,42,1029,1859,3.7
POA9494,45182,40,0,0,0
POA9797,1187,46,0,0,0